{
"type": "FeatureCollection",
"crs": { "type": "name", "properties": { "name": "urn:ogc:def:crs:OGC:1.3:CRS84" } },
                                                                                
"features": [
{ "type": "Feature", "properties": { "track_fid": 0, "track_seg_id": 0, "track_seg_point_id": 0, "ele": 499.540000, "time": "2014\/03\/05 09:55:23+00", "magvar": null, "geoidheight": null, "name": null, "cmt": null, "desc": null, "src": null, "link1_href": null, "link1_text": null, "link1_type": null, "link2_href": null, "link2_text": null, "link2_type": null, "sym": null, "type": null, "fix": null, "sat": null, "hdop": null, "vdop": null, "pdop": null, "ageofdgpsdata": null, "dgpsid": null }, "geometry": { "type": "Point", "coordinates": [ 34.804804, -11.319461 ] } },
{ "type": "Feature", "properties": { "track_fid": 0, "track_seg_id": 0, "track_seg_point_id": 1, "ele": 498.580000, "time": "2014\/03\/05 09:55:32+00", "magvar": null, "geoidheight": null, "name": null, "cmt": null, "desc": null, "src": null, "link1_href": null, "link1_text": null, "link1_type": null, "link2_href": null, "link2_text": null, "link2_type": null, "sym": null, "type": null, "fix": null, "sat": null, "hdop": null, "vdop": null, "pdop": null, "ageofdgpsdata": null, "dgpsid": null }, "geometry": { "type": "Point", "coordinates": [ 34.804743, -11.319441 ] } },
{ "type": "Feature", "properties": { "track_fid": 0, "track_seg_id": 0, "track_seg_point_id": 2, "ele": 499.540000, "time": "2014\/03\/05 09:55:47+00", "magvar": null, "geoidheight": null, "name": null, "cmt": null, "desc": null, "src": null, "link1_href": null, "link1_text": null, "link1_type": null, "link2_href": null, "link2_text": null, "link2_type": null, "sym": null, "type": null, "fix": null, "sat": null, "hdop": null, "vdop": null, "pdop": null, "ageofdgpsdata": null, "dgpsid": null }, "geometry": { "type": "Point", "coordinates": [ 34.804658, -11.319405 ] } },
{ "type": "Feature", "properties": { "track_fid": 0, "track_seg_id": 0, "track_seg_point_id": 3, "ele": 499.540000, "time": "2014\/03\/05 09:55:49+00", "magvar": null, "geoidheight": null, "name": null, "cmt": null, "desc": null, "src": null, "link1_href": null, "link1_text": null, "link1_type": null, "link2_href": null, "link2_text": null, "link2_type": null, "sym": null, "type": null, "fix": null, "sat": null, "hdop": null, "vdop": null, "pdop": null, "ageofdgpsdata": null, "dgpsid": null }, "geometry": { "type": "Point", "coordinates": [ 34.804639, -11.319397 ] } },
{ "type": "Feature", "properties": { "track_fid": 0, "track_seg_id": 0, "track_seg_point_id": 4, "ele": 499.060000, "time": "2014\/03\/05 09:55:52+00", "magvar": null, "geoidheight": null, "name": null, "cmt": null, "desc": null, "src": null, "link1_href": null, "link1_text": null, "link1_type": null, "link2_href": null, "link2_text": null, "link2_type": null, "sym": null, "type": null, "fix": null, "sat": null, "hdop": null, "vdop": null, "pdop": null, "ageofdgpsdata": null, "dgpsid": null }, "geometry": { "type": "Point", "coordinates": [ 34.804618, -11.319391 ] } },
{ "type": "Feature", "properties": { "track_fid": 0, "track_seg_id": 0, "track_seg_point_id": 5, "ele": 498.100000, "time": "2014\/03\/05 09:56:04+00", "magvar": null, "geoidheight": null, "name": null, "cmt": null, "desc": null, "src": null, "link1_href": null, "link1_text": null, "link1_type": null, "link2_href": null, "link2_text": null, "link2_type": null, "sym": null, "type": null, "fix": null, "sat": null, "hdop": null, "vdop": null, "pdop": null, "ageofdgpsdata": null, "dgpsid": null }, "geometry": { "type": "Point", "coordinates": [ 34.804486, -11.319325 ] } },
{ "type": "Feature", "properties": { "track_fid": 0, "track_seg_id": 0, "track_seg_point_id": 6, "ele": 498.100000, "time": "2014\/03\/05 09:56:09+00", "magvar": null, "geoidheight": null, "name": null, "cmt": null, "desc": null, "src": null, "link1_href": null, "link1_text": null, "link1_type": null, "link2_href": null, "link2_text": null, "link2_type": null, "sym": null, "type": null, "fix": null, "sat": null, "hdop": null, "vdop": null, "pdop": null, "ageofdgpsdata": null, "dgpsid": null }, "geometry": { "type": "Point", "coordinates": [ 34.804438, -11.319312 ] } },
{ "type": "Feature", "properties": { "track_fid": 0, "track_seg_id": 0, "track_seg_point_id": 7, "ele": 497.620000, "time": "2014\/03\/05 09:56:14+00", "magvar": null, "geoidheight": null, "name": null, "cmt": null, "desc": null, "src": null, "link1_href": null, "link1_text": null, "link1_type": null, "link2_href": null, "link2_text": null, "link2_type": null, "sym": null, "type": null, "fix": null, "sat": null, "hdop": null, "vdop": null, "pdop": null, "ageofdgpsdata": null, "dgpsid": null }, "geometry": { "type": "Point", "coordinates": [ 34.804403, -11.319297 ] } },
{ "type": "Feature", "properties": { "track_fid": 0, "track_seg_id": 0, "track_seg_point_id": 8, "ele": 497.620000, "time": "2014\/03\/05 09:56:19+00", "magvar": null, "geoidheight": null, "name": null, "cmt": null, "desc": null, "src": null, "link1_href": null, "link1_text": null, "link1_type": null, "link2_href": null, "link2_text": null, "link2_type": null, "sym": null, "type": null, "fix": null, "sat": null, "hdop": null, "vdop": null, "pdop": null, "ageofdgpsdata": null, "dgpsid": null }, "geometry": { "type": "Point", "coordinates": [ 34.804358, -11.319281 ] } },
{ "type": "Feature", "properties": { "track_fid": 0, "track_seg_id": 0, "track_seg_point_id": 9, "ele": 497.140000, "time": "2014\/03\/05 09:56:29+00", "magvar": null, "geoidheight": null, "name": null, "cmt": null, "desc": null, "src": null, "link1_href": null, "link1_text": null, "link1_type": null, "link2_href": null, "link2_text": null, "link2_type": null, "sym": null, "type": null, "fix": null, "sat": null, "hdop": null, "vdop": null, "pdop": null, "ageofdgpsdata": null, "dgpsid": null }, "geometry": { "type": "Point", "coordinates": [ 34.804335, -11.319233 ] } },
{ "type": "Feature", "properties": { "track_fid": 0, "track_seg_id": 0, "track_seg_point_id": 10, "ele": 498.100000, "time": "2014\/03\/05 09:56:39+00", "magvar": null, "geoidheight": null, "name": null, "cmt": null, "desc": null, "src": null, "link1_href": null, "link1_text": null, "link1_type": null, "link2_href": null, "link2_text": null, "link2_type": null, "sym": null, "type": null, "fix": null, "sat": null, "hdop": null, "vdop": null, "pdop": null, "ageofdgpsdata": null, "dgpsid": null }, "geometry": { "type": "Point", "coordinates": [ 34.804393, -11.319137 ] } },
{ "type": "Feature", "properties": { "track_fid": 0, "track_seg_id": 0, "track_seg_point_id": 11, "ele": 499.540000, "time": "2014\/03\/05 09:56:54+00", "magvar": null, "geoidheight": null, "name": null, "cmt": null, "desc": null, "src": null, "link1_href": null, "link1_text": null, "link1_type": null, "link2_href": null, "link2_text": null, "link2_type": null, "sym": null, "type": null, "fix": null, "sat": null, "hdop": null, "vdop": null, "pdop": null, "ageofdgpsdata": null, "dgpsid": null }, "geometry": { "type": "Point", "coordinates": [ 34.804483, -11.318995 ] } },
{ "type": "Feature", "properties": { "track_fid": 0, "track_seg_id": 0, "track_seg_point_id": 12, "ele": 500.020000, "time": "2014\/03\/05 09:57:01+00", "magvar": null, "geoidheight": null, "name": null, "cmt": null, "desc": null, "src": null, "link1_href": null, "link1_text": null, "link1_type": null, "link2_href": null, "link2_text": null, "link2_type": null, "sym": null, "type": null, "fix": null, "sat": null, "hdop": null, "vdop": null, "pdop": null, "ageofdgpsdata": null, "dgpsid": null }, "geometry": { "type": "Point", "coordinates": [ 34.804499, -11.31897 ] } },
{ "type": "Feature", "properties": { "track_fid": 0, "track_seg_id": 0, "track_seg_point_id": 13, "ele": 498.580000, "time": "2014\/03\/05 09:57:20+00", "magvar": null, "geoidheight": null, "name": null, "cmt": null, "desc": null, "src": null, "link1_href": null, "link1_text": null, "link1_type": null, "link2_href": null, "link2_text": null, "link2_type": null, "sym": null, "type": null, "fix": null, "sat": null, "hdop": null, "vdop": null, "pdop": null, "ageofdgpsdata": null, "dgpsid": null }, "geometry": { "type": "Point", "coordinates": [ 34.804729, -11.319071 ] } },
{ "type": "Feature", "properties": { "track_fid": 0, "track_seg_id": 0, "track_seg_point_id": 14, "ele": 499.540000, "time": "2014\/03\/05 09:57:34+00", "magvar": null, "geoidheight": null, "name": null, "cmt": null, "desc": null, "src": null, "link1_href": null, "link1_text": null, "link1_type": null, "link2_href": null, "link2_text": null, "link2_type": null, "sym": null, "type": null, "fix": null, "sat": null, "hdop": null, "vdop": null, "pdop": null, "ageofdgpsdata": null, "dgpsid": null }, "geometry": { "type": "Point", "coordinates": [ 34.804883, -11.319124 ] } },
{ "type": "Feature", "properties": { "track_fid": 0, "track_seg_id": 0, "track_seg_point_id": 15, "ele": 499.060000, "time": "2014\/03\/05 09:57:47+00", "magvar": null, "geoidheight": null, "name": null, "cmt": null, "desc": null, "src": null, "link1_href": null, "link1_text": null, "link1_type": null, "link2_href": null, "link2_text": null, "link2_type": null, "sym": null, "type": null, "fix": null, "sat": null, "hdop": null, "vdop": null, "pdop": null, "ageofdgpsdata": null, "dgpsid": null }, "geometry": { "type": "Point", "coordinates": [ 34.804914, -11.319192 ] } },
{ "type": "Feature", "properties": { "track_fid": 0, "track_seg_id": 0, "track_seg_point_id": 16, "ele": 495.700000, "time": "2014\/03\/05 09:58:04+00", "magvar": null, "geoidheight": null, "name": null, "cmt": null, "desc": null, "src": null, "link1_href": null, "link1_text": null, "link1_type": null, "link2_href": null, "link2_text": null, "link2_type": null, "sym": null, "type": null, "fix": null, "sat": null, "hdop": null, "vdop": null, "pdop": null, "ageofdgpsdata": null, "dgpsid": null }, "geometry": { "type": "Point", "coordinates": [ 34.804863, -11.319352 ] } },
{ "type": "Feature", "properties": { "track_fid": 0, "track_seg_id": 0, "track_seg_point_id": 17, "ele": 495.220000, "time": "2014\/03\/05 09:58:08+00", "magvar": null, "geoidheight": null, "name": null, "cmt": null, "desc": null, "src": null, "link1_href": null, "link1_text": null, "link1_type": null, "link2_href": null, "link2_text": null, "link2_type": null, "sym": null, "type": null, "fix": null, "sat": null, "hdop": null, "vdop": null, "pdop": null, "ageofdgpsdata": null, "dgpsid": null }, "geometry": { "type": "Point", "coordinates": [ 34.804851, -11.319397 ] } },
{ "type": "Feature", "properties": { "track_fid": 0, "track_seg_id": 0, "track_seg_point_id": 18, "ele": 495.220000, "time": "2014\/03\/05 09:58:21+00", "magvar": null, "geoidheight": null, "name": null, "cmt": null, "desc": null, "src": null, "link1_href": null, "link1_text": null, "link1_type": null, "link2_href": null, "link2_text": null, "link2_type": null, "sym": null, "type": null, "fix": null, "sat": null, "hdop": null, "vdop": null, "pdop": null, "ageofdgpsdata": null, "dgpsid": null }, "geometry": { "type": "Point", "coordinates": [ 34.804816, -11.319455 ] } },
{ "type": "Feature", "properties": { "track_fid": 0, "track_seg_id": 0, "track_seg_point_id": 19, "ele": 495.220000, "time": "2014\/03\/05 09:58:23+00", "magvar": null, "geoidheight": null, "name": null, "cmt": null, "desc": null, "src": null, "link1_href": null, "link1_text": null, "link1_type": null, "link2_href": null, "link2_text": null, "link2_type": null, "sym": null, "type": null, "fix": null, "sat": null, "hdop": null, "vdop": null, "pdop": null, "ageofdgpsdata": null, "dgpsid": null }, "geometry": { "type": "Point", "coordinates": [ 34.804816, -11.319455 ] } }
]
}
