{
"type": "FeatureCollection",
"crs": { "type": "name", "properties": { "name": "urn:ogc:def:crs:OGC:1.3:CRS84" } },
                                                                                
"features": [
{ "type": "Feature", "properties": { "track_fid": 0, "track_seg_id": 0, "track_seg_point_id": 0, "ele": 1881.920000, "time": "2014\/06\/25 14:06:26+00", "magvar": null, "geoidheight": null, "name": null, "cmt": null, "desc": null, "src": null, "link1_href": null, "link1_text": null, "link1_type": null, "link2_href": null, "link2_text": null, "link2_type": null, "sym": null, "type": null, "fix": null, "sat": null, "hdop": null, "vdop": null, "pdop": null, "ageofdgpsdata": null, "dgpsid": null }, "geometry": { "type": "Point", "coordinates": [ 34.745848, -9.322789 ] } },
{ "type": "Feature", "properties": { "track_fid": 0, "track_seg_id": 0, "track_seg_point_id": 1, "ele": 1881.920000, "time": "2014\/06\/25 14:06:31+00", "magvar": null, "geoidheight": null, "name": null, "cmt": null, "desc": null, "src": null, "link1_href": null, "link1_text": null, "link1_type": null, "link2_href": null, "link2_text": null, "link2_type": null, "sym": null, "type": null, "fix": null, "sat": null, "hdop": null, "vdop": null, "pdop": null, "ageofdgpsdata": null, "dgpsid": null }, "geometry": { "type": "Point", "coordinates": [ 34.745835, -9.322795 ] } },
{ "type": "Feature", "properties": { "track_fid": 0, "track_seg_id": 0, "track_seg_point_id": 2, "ele": 1882.400000, "time": "2014\/06\/25 14:06:45+00", "magvar": null, "geoidheight": null, "name": null, "cmt": null, "desc": null, "src": null, "link1_href": null, "link1_text": null, "link1_type": null, "link2_href": null, "link2_text": null, "link2_type": null, "sym": null, "type": null, "fix": null, "sat": null, "hdop": null, "vdop": null, "pdop": null, "ageofdgpsdata": null, "dgpsid": null }, "geometry": { "type": "Point", "coordinates": [ 34.745687, -9.322817 ] } },
{ "type": "Feature", "properties": { "track_fid": 0, "track_seg_id": 0, "track_seg_point_id": 3, "ele": 1883.840000, "time": "2014\/06\/25 14:06:56+00", "magvar": null, "geoidheight": null, "name": null, "cmt": null, "desc": null, "src": null, "link1_href": null, "link1_text": null, "link1_type": null, "link2_href": null, "link2_text": null, "link2_type": null, "sym": null, "type": null, "fix": null, "sat": null, "hdop": null, "vdop": null, "pdop": null, "ageofdgpsdata": null, "dgpsid": null }, "geometry": { "type": "Point", "coordinates": [ 34.745601, -9.322812 ] } },
{ "type": "Feature", "properties": { "track_fid": 0, "track_seg_id": 0, "track_seg_point_id": 4, "ele": 1884.800000, "time": "2014\/06\/25 14:07:07+00", "magvar": null, "geoidheight": null, "name": null, "cmt": null, "desc": null, "src": null, "link1_href": null, "link1_text": null, "link1_type": null, "link2_href": null, "link2_text": null, "link2_type": null, "sym": null, "type": null, "fix": null, "sat": null, "hdop": null, "vdop": null, "pdop": null, "ageofdgpsdata": null, "dgpsid": null }, "geometry": { "type": "Point", "coordinates": [ 34.745591, -9.322724 ] } },
{ "type": "Feature", "properties": { "track_fid": 0, "track_seg_id": 0, "track_seg_point_id": 5, "ele": 1887.210000, "time": "2014\/06\/25 14:07:17+00", "magvar": null, "geoidheight": null, "name": null, "cmt": null, "desc": null, "src": null, "link1_href": null, "link1_text": null, "link1_type": null, "link2_href": null, "link2_text": null, "link2_type": null, "sym": null, "type": null, "fix": null, "sat": null, "hdop": null, "vdop": null, "pdop": null, "ageofdgpsdata": null, "dgpsid": null }, "geometry": { "type": "Point", "coordinates": [ 34.745608, -9.322621 ] } },
{ "type": "Feature", "properties": { "track_fid": 0, "track_seg_id": 0, "track_seg_point_id": 6, "ele": 1887.690000, "time": "2014\/06\/25 14:07:21+00", "magvar": null, "geoidheight": null, "name": null, "cmt": null, "desc": null, "src": null, "link1_href": null, "link1_text": null, "link1_type": null, "link2_href": null, "link2_text": null, "link2_type": null, "sym": null, "type": null, "fix": null, "sat": null, "hdop": null, "vdop": null, "pdop": null, "ageofdgpsdata": null, "dgpsid": null }, "geometry": { "type": "Point", "coordinates": [ 34.745654, -9.32262 ] } },
{ "type": "Feature", "properties": { "track_fid": 0, "track_seg_id": 0, "track_seg_point_id": 7, "ele": 1887.210000, "time": "2014\/06\/25 14:07:31+00", "magvar": null, "geoidheight": null, "name": null, "cmt": null, "desc": null, "src": null, "link1_href": null, "link1_text": null, "link1_type": null, "link2_href": null, "link2_text": null, "link2_type": null, "sym": null, "type": null, "fix": null, "sat": null, "hdop": null, "vdop": null, "pdop": null, "ageofdgpsdata": null, "dgpsid": null }, "geometry": { "type": "Point", "coordinates": [ 34.74577, -9.322608 ] } },
{ "type": "Feature", "properties": { "track_fid": 0, "track_seg_id": 0, "track_seg_point_id": 8, "ele": 1887.210000, "time": "2014\/06\/25 14:07:42+00", "magvar": null, "geoidheight": null, "name": null, "cmt": null, "desc": null, "src": null, "link1_href": null, "link1_text": null, "link1_type": null, "link2_href": null, "link2_text": null, "link2_type": null, "sym": null, "type": null, "fix": null, "sat": null, "hdop": null, "vdop": null, "pdop": null, "ageofdgpsdata": null, "dgpsid": null }, "geometry": { "type": "Point", "coordinates": [ 34.745822, -9.322645 ] } },
{ "type": "Feature", "properties": { "track_fid": 0, "track_seg_id": 0, "track_seg_point_id": 9, "ele": 1886.720000, "time": "2014\/06\/25 14:07:44+00", "magvar": null, "geoidheight": null, "name": null, "cmt": null, "desc": null, "src": null, "link1_href": null, "link1_text": null, "link1_type": null, "link2_href": null, "link2_text": null, "link2_type": null, "sym": null, "type": null, "fix": null, "sat": null, "hdop": null, "vdop": null, "pdop": null, "ageofdgpsdata": null, "dgpsid": null }, "geometry": { "type": "Point", "coordinates": [ 34.745829, -9.322663 ] } },
{ "type": "Feature", "properties": { "track_fid": 0, "track_seg_id": 0, "track_seg_point_id": 10, "ele": 1883.360000, "time": "2014\/06\/25 14:07:57+00", "magvar": null, "geoidheight": null, "name": null, "cmt": null, "desc": null, "src": null, "link1_href": null, "link1_text": null, "link1_type": null, "link2_href": null, "link2_text": null, "link2_type": null, "sym": null, "type": null, "fix": null, "sat": null, "hdop": null, "vdop": null, "pdop": null, "ageofdgpsdata": null, "dgpsid": null }, "geometry": { "type": "Point", "coordinates": [ 34.745848, -9.32276 ] } },
{ "type": "Feature", "properties": { "track_fid": 0, "track_seg_id": 0, "track_seg_point_id": 11, "ele": 1881.920000, "time": "2014\/06\/25 14:08:10+00", "magvar": null, "geoidheight": null, "name": null, "cmt": null, "desc": null, "src": null, "link1_href": null, "link1_text": null, "link1_type": null, "link2_href": null, "link2_text": null, "link2_type": null, "sym": null, "type": null, "fix": null, "sat": null, "hdop": null, "vdop": null, "pdop": null, "ageofdgpsdata": null, "dgpsid": null }, "geometry": { "type": "Point", "coordinates": [ 34.745855, -9.322794 ] } }
]
}
