{
"type": "FeatureCollection",
"crs": { "type": "name", "properties": { "name": "urn:ogc:def:crs:OGC:1.3:CRS84" } },
                                                                                
"features": [
{ "type": "Feature", "properties": { "name": "EXMAY-14 04:24:53 PM", "cmt": null, "desc": null, "src": null, "link1_href": null, "link1_text": null, "link1_type": null, "link2_href": null, "link2_text": null, "link2_type": null, "number": null, "type": null }, "geometry": { "type": "MultiLineString", "coordinates": [ [ [ 35.335532, -9.052024 ], [ 35.335535, -9.052022 ], [ 35.335516, -9.051968 ], [ 35.335526, -9.052017 ] ] ] } }
]
}
