{
"type": "FeatureCollection",
"crs": { "type": "name", "properties": { "name": "urn:ogc:def:crs:OGC:1.3:CRS84" } },
                                                                                
"features": [
{ "type": "Feature", "properties": { "name": "NYASA ASIFIWE58:33 PM", "cmt": null, "desc": null, "src": null, "link1_href": null, "link1_text": null, "link1_type": null, "link2_href": null, "link2_text": null, "link2_type": null, "number": null, "type": null }, "geometry": { "type": "MultiLineString", "coordinates": [ [ [ 34.804804, -11.319461 ], [ 34.804743, -11.319441 ], [ 34.804658, -11.319405 ], [ 34.804639, -11.319397 ], [ 34.804618, -11.319391 ], [ 34.804486, -11.319325 ], [ 34.804438, -11.319312 ], [ 34.804403, -11.319297 ], [ 34.804358, -11.319281 ], [ 34.804335, -11.319233 ], [ 34.804393, -11.319137 ], [ 34.804483, -11.318995 ], [ 34.804499, -11.31897 ], [ 34.804729, -11.319071 ], [ 34.804883, -11.319124 ], [ 34.804914, -11.319192 ], [ 34.804863, -11.319352 ], [ 34.804851, -11.319397 ], [ 34.804816, -11.319455 ], [ 34.804816, -11.319455 ] ] ] } }
]
}
