{
"type": "FeatureCollection",
"crs": { "type": "name", "properties": { "name": "urn:ogc:def:crs:OGC:1.3:CRS84" } },
                                                                                
"features": [
{ "type": "Feature", "properties": { "track_fid": 0, "track_seg_id": 0, "track_seg_point_id": 0, "ele": 2199.150000, "time": "2014\/06\/24 14:24:52+00", "magvar": null, "geoidheight": null, "name": null, "cmt": null, "desc": null, "src": null, "link1_href": null, "link1_text": null, "link1_type": null, "link2_href": null, "link2_text": null, "link2_type": null, "sym": null, "type": null, "fix": null, "sat": null, "hdop": null, "vdop": null, "pdop": null, "ageofdgpsdata": null, "dgpsid": null }, "geometry": { "type": "Point", "coordinates": [ 33.681833, -8.983517 ] } },
{ "type": "Feature", "properties": { "track_fid": 0, "track_seg_id": 0, "track_seg_point_id": 1, "ele": 2202.520000, "time": "2014\/06\/24 14:25:07+00", "magvar": null, "geoidheight": null, "name": null, "cmt": null, "desc": null, "src": null, "link1_href": null, "link1_text": null, "link1_type": null, "link2_href": null, "link2_text": null, "link2_type": null, "sym": null, "type": null, "fix": null, "sat": null, "hdop": null, "vdop": null, "pdop": null, "ageofdgpsdata": null, "dgpsid": null }, "geometry": { "type": "Point", "coordinates": [ 33.681938, -8.983588 ] } },
{ "type": "Feature", "properties": { "track_fid": 0, "track_seg_id": 0, "track_seg_point_id": 2, "ele": 2203.000000, "time": "2014\/06\/24 14:25:12+00", "magvar": null, "geoidheight": null, "name": null, "cmt": null, "desc": null, "src": null, "link1_href": null, "link1_text": null, "link1_type": null, "link2_href": null, "link2_text": null, "link2_type": null, "sym": null, "type": null, "fix": null, "sat": null, "hdop": null, "vdop": null, "pdop": null, "ageofdgpsdata": null, "dgpsid": null }, "geometry": { "type": "Point", "coordinates": [ 33.682004, -8.983589 ] } },
{ "type": "Feature", "properties": { "track_fid": 0, "track_seg_id": 0, "track_seg_point_id": 3, "ele": 2203.960000, "time": "2014\/06\/24 14:25:17+00", "magvar": null, "geoidheight": null, "name": null, "cmt": null, "desc": null, "src": null, "link1_href": null, "link1_text": null, "link1_type": null, "link2_href": null, "link2_text": null, "link2_type": null, "sym": null, "type": null, "fix": null, "sat": null, "hdop": null, "vdop": null, "pdop": null, "ageofdgpsdata": null, "dgpsid": null }, "geometry": { "type": "Point", "coordinates": [ 33.682048, -8.983609 ] } },
{ "type": "Feature", "properties": { "track_fid": 0, "track_seg_id": 0, "track_seg_point_id": 4, "ele": 2203.480000, "time": "2014\/06\/24 14:25:28+00", "magvar": null, "geoidheight": null, "name": null, "cmt": null, "desc": null, "src": null, "link1_href": null, "link1_text": null, "link1_type": null, "link2_href": null, "link2_text": null, "link2_type": null, "sym": null, "type": null, "fix": null, "sat": null, "hdop": null, "vdop": null, "pdop": null, "ageofdgpsdata": null, "dgpsid": null }, "geometry": { "type": "Point", "coordinates": [ 33.682099, -8.983609 ] } },
{ "type": "Feature", "properties": { "track_fid": 0, "track_seg_id": 0, "track_seg_point_id": 5, "ele": 2204.920000, "time": "2014\/06\/24 14:25:38+00", "magvar": null, "geoidheight": null, "name": null, "cmt": null, "desc": null, "src": null, "link1_href": null, "link1_text": null, "link1_type": null, "link2_href": null, "link2_text": null, "link2_type": null, "sym": null, "type": null, "fix": null, "sat": null, "hdop": null, "vdop": null, "pdop": null, "ageofdgpsdata": null, "dgpsid": null }, "geometry": { "type": "Point", "coordinates": [ 33.682133, -8.98361 ] } },
{ "type": "Feature", "properties": { "track_fid": 0, "track_seg_id": 0, "track_seg_point_id": 6, "ele": 2206.360000, "time": "2014\/06\/24 14:25:52+00", "magvar": null, "geoidheight": null, "name": null, "cmt": null, "desc": null, "src": null, "link1_href": null, "link1_text": null, "link1_type": null, "link2_href": null, "link2_text": null, "link2_type": null, "sym": null, "type": null, "fix": null, "sat": null, "hdop": null, "vdop": null, "pdop": null, "ageofdgpsdata": null, "dgpsid": null }, "geometry": { "type": "Point", "coordinates": [ 33.682179, -8.983589 ] } },
{ "type": "Feature", "properties": { "track_fid": 0, "track_seg_id": 0, "track_seg_point_id": 7, "ele": 2204.920000, "time": "2014\/06\/24 14:26:05+00", "magvar": null, "geoidheight": null, "name": null, "cmt": null, "desc": null, "src": null, "link1_href": null, "link1_text": null, "link1_type": null, "link2_href": null, "link2_text": null, "link2_type": null, "sym": null, "type": null, "fix": null, "sat": null, "hdop": null, "vdop": null, "pdop": null, "ageofdgpsdata": null, "dgpsid": null }, "geometry": { "type": "Point", "coordinates": [ 33.682328, -8.983535 ] } },
{ "type": "Feature", "properties": { "track_fid": 0, "track_seg_id": 0, "track_seg_point_id": 8, "ele": 2203.960000, "time": "2014\/06\/24 14:26:21+00", "magvar": null, "geoidheight": null, "name": null, "cmt": null, "desc": null, "src": null, "link1_href": null, "link1_text": null, "link1_type": null, "link2_href": null, "link2_text": null, "link2_type": null, "sym": null, "type": null, "fix": null, "sat": null, "hdop": null, "vdop": null, "pdop": null, "ageofdgpsdata": null, "dgpsid": null }, "geometry": { "type": "Point", "coordinates": [ 33.682382, -8.983537 ] } },
{ "type": "Feature", "properties": { "track_fid": 0, "track_seg_id": 0, "track_seg_point_id": 9, "ele": 2203.960000, "time": "2014\/06\/24 14:26:36+00", "magvar": null, "geoidheight": null, "name": null, "cmt": null, "desc": null, "src": null, "link1_href": null, "link1_text": null, "link1_type": null, "link2_href": null, "link2_text": null, "link2_type": null, "sym": null, "type": null, "fix": null, "sat": null, "hdop": null, "vdop": null, "pdop": null, "ageofdgpsdata": null, "dgpsid": null }, "geometry": { "type": "Point", "coordinates": [ 33.682382, -8.983531 ] } },
{ "type": "Feature", "properties": { "track_fid": 0, "track_seg_id": 0, "track_seg_point_id": 10, "ele": 2203.960000, "time": "2014\/06\/24 14:26:52+00", "magvar": null, "geoidheight": null, "name": null, "cmt": null, "desc": null, "src": null, "link1_href": null, "link1_text": null, "link1_type": null, "link2_href": null, "link2_text": null, "link2_type": null, "sym": null, "type": null, "fix": null, "sat": null, "hdop": null, "vdop": null, "pdop": null, "ageofdgpsdata": null, "dgpsid": null }, "geometry": { "type": "Point", "coordinates": [ 33.682391, -8.983514 ] } },
{ "type": "Feature", "properties": { "track_fid": 0, "track_seg_id": 0, "track_seg_point_id": 11, "ele": 2203.960000, "time": "2014\/06\/24 14:27:05+00", "magvar": null, "geoidheight": null, "name": null, "cmt": null, "desc": null, "src": null, "link1_href": null, "link1_text": null, "link1_type": null, "link2_href": null, "link2_text": null, "link2_type": null, "sym": null, "type": null, "fix": null, "sat": null, "hdop": null, "vdop": null, "pdop": null, "ageofdgpsdata": null, "dgpsid": null }, "geometry": { "type": "Point", "coordinates": [ 33.682393, -8.983477 ] } },
{ "type": "Feature", "properties": { "track_fid": 0, "track_seg_id": 0, "track_seg_point_id": 12, "ele": 2204.440000, "time": "2014\/06\/24 14:27:18+00", "magvar": null, "geoidheight": null, "name": null, "cmt": null, "desc": null, "src": null, "link1_href": null, "link1_text": null, "link1_type": null, "link2_href": null, "link2_text": null, "link2_type": null, "sym": null, "type": null, "fix": null, "sat": null, "hdop": null, "vdop": null, "pdop": null, "ageofdgpsdata": null, "dgpsid": null }, "geometry": { "type": "Point", "coordinates": [ 33.682327, -8.983381 ] } },
{ "type": "Feature", "properties": { "track_fid": 0, "track_seg_id": 0, "track_seg_point_id": 13, "ele": 2202.520000, "time": "2014\/06\/24 14:27:30+00", "magvar": null, "geoidheight": null, "name": null, "cmt": null, "desc": null, "src": null, "link1_href": null, "link1_text": null, "link1_type": null, "link2_href": null, "link2_text": null, "link2_type": null, "sym": null, "type": null, "fix": null, "sat": null, "hdop": null, "vdop": null, "pdop": null, "ageofdgpsdata": null, "dgpsid": null }, "geometry": { "type": "Point", "coordinates": [ 33.682238, -8.983346 ] } },
{ "type": "Feature", "properties": { "track_fid": 0, "track_seg_id": 0, "track_seg_point_id": 14, "ele": 2202.520000, "time": "2014\/06\/24 14:27:43+00", "magvar": null, "geoidheight": null, "name": null, "cmt": null, "desc": null, "src": null, "link1_href": null, "link1_text": null, "link1_type": null, "link2_href": null, "link2_text": null, "link2_type": null, "sym": null, "type": null, "fix": null, "sat": null, "hdop": null, "vdop": null, "pdop": null, "ageofdgpsdata": null, "dgpsid": null }, "geometry": { "type": "Point", "coordinates": [ 33.682136, -8.983294 ] } },
{ "type": "Feature", "properties": { "track_fid": 0, "track_seg_id": 0, "track_seg_point_id": 15, "ele": 2204.440000, "time": "2014\/06\/24 14:27:58+00", "magvar": null, "geoidheight": null, "name": null, "cmt": null, "desc": null, "src": null, "link1_href": null, "link1_text": null, "link1_type": null, "link2_href": null, "link2_text": null, "link2_type": null, "sym": null, "type": null, "fix": null, "sat": null, "hdop": null, "vdop": null, "pdop": null, "ageofdgpsdata": null, "dgpsid": null }, "geometry": { "type": "Point", "coordinates": [ 33.682, -8.983227 ] } },
{ "type": "Feature", "properties": { "track_fid": 0, "track_seg_id": 0, "track_seg_point_id": 16, "ele": 2203.480000, "time": "2014\/06\/24 14:28:11+00", "magvar": null, "geoidheight": null, "name": null, "cmt": null, "desc": null, "src": null, "link1_href": null, "link1_text": null, "link1_type": null, "link2_href": null, "link2_text": null, "link2_type": null, "sym": null, "type": null, "fix": null, "sat": null, "hdop": null, "vdop": null, "pdop": null, "ageofdgpsdata": null, "dgpsid": null }, "geometry": { "type": "Point", "coordinates": [ 33.681905, -8.983186 ] } },
{ "type": "Feature", "properties": { "track_fid": 0, "track_seg_id": 0, "track_seg_point_id": 17, "ele": 2200.590000, "time": "2014\/06\/24 14:28:26+00", "magvar": null, "geoidheight": null, "name": null, "cmt": null, "desc": null, "src": null, "link1_href": null, "link1_text": null, "link1_type": null, "link2_href": null, "link2_text": null, "link2_type": null, "sym": null, "type": null, "fix": null, "sat": null, "hdop": null, "vdop": null, "pdop": null, "ageofdgpsdata": null, "dgpsid": null }, "geometry": { "type": "Point", "coordinates": [ 33.681804, -8.983169 ] } },
{ "type": "Feature", "properties": { "track_fid": 0, "track_seg_id": 0, "track_seg_point_id": 18, "ele": 2198.670000, "time": "2014\/06\/24 14:28:38+00", "magvar": null, "geoidheight": null, "name": null, "cmt": null, "desc": null, "src": null, "link1_href": null, "link1_text": null, "link1_type": null, "link2_href": null, "link2_text": null, "link2_type": null, "sym": null, "type": null, "fix": null, "sat": null, "hdop": null, "vdop": null, "pdop": null, "ageofdgpsdata": null, "dgpsid": null }, "geometry": { "type": "Point", "coordinates": [ 33.681808, -8.983217 ] } },
{ "type": "Feature", "properties": { "track_fid": 0, "track_seg_id": 0, "track_seg_point_id": 19, "ele": 2196.270000, "time": "2014\/06\/24 14:28:50+00", "magvar": null, "geoidheight": null, "name": null, "cmt": null, "desc": null, "src": null, "link1_href": null, "link1_text": null, "link1_type": null, "link2_href": null, "link2_text": null, "link2_type": null, "sym": null, "type": null, "fix": null, "sat": null, "hdop": null, "vdop": null, "pdop": null, "ageofdgpsdata": null, "dgpsid": null }, "geometry": { "type": "Point", "coordinates": [ 33.681797, -8.983302 ] } },
{ "type": "Feature", "properties": { "track_fid": 0, "track_seg_id": 0, "track_seg_point_id": 20, "ele": 2195.790000, "time": "2014\/06\/24 14:29:02+00", "magvar": null, "geoidheight": null, "name": null, "cmt": null, "desc": null, "src": null, "link1_href": null, "link1_text": null, "link1_type": null, "link2_href": null, "link2_text": null, "link2_type": null, "sym": null, "type": null, "fix": null, "sat": null, "hdop": null, "vdop": null, "pdop": null, "ageofdgpsdata": null, "dgpsid": null }, "geometry": { "type": "Point", "coordinates": [ 33.681798, -8.98333 ] } },
{ "type": "Feature", "properties": { "track_fid": 0, "track_seg_id": 0, "track_seg_point_id": 21, "ele": 2193.870000, "time": "2014\/06\/24 14:29:14+00", "magvar": null, "geoidheight": null, "name": null, "cmt": null, "desc": null, "src": null, "link1_href": null, "link1_text": null, "link1_type": null, "link2_href": null, "link2_text": null, "link2_type": null, "sym": null, "type": null, "fix": null, "sat": null, "hdop": null, "vdop": null, "pdop": null, "ageofdgpsdata": null, "dgpsid": null }, "geometry": { "type": "Point", "coordinates": [ 33.681821, -8.983385 ] } },
{ "type": "Feature", "properties": { "track_fid": 0, "track_seg_id": 0, "track_seg_point_id": 22, "ele": 2192.420000, "time": "2014\/06\/24 14:29:21+00", "magvar": null, "geoidheight": null, "name": null, "cmt": null, "desc": null, "src": null, "link1_href": null, "link1_text": null, "link1_type": null, "link2_href": null, "link2_text": null, "link2_type": null, "sym": null, "type": null, "fix": null, "sat": null, "hdop": null, "vdop": null, "pdop": null, "ageofdgpsdata": null, "dgpsid": null }, "geometry": { "type": "Point", "coordinates": [ 33.681838, -8.983429 ] } }
]
}
