{
"type": "FeatureCollection",
"crs": { "type": "name", "properties": { "name": "urn:ogc:def:crs:OGC:1.3:CRS84" } },
                                                                                
"features": [
{ "type": "Feature", "properties": { "name": "TWEVEN-14 05:29:51 PM", "cmt": null, "desc": null, "src": null, "link1_href": null, "link1_text": null, "link1_type": null, "link2_href": null, "link2_text": null, "link2_type": null, "number": null, "type": null }, "geometry": { "type": "MultiLineString", "coordinates": [ [ [ 33.681833, -8.983517 ], [ 33.681938, -8.983588 ], [ 33.682004, -8.983589 ], [ 33.682048, -8.983609 ], [ 33.682099, -8.983609 ], [ 33.682133, -8.98361 ], [ 33.682179, -8.983589 ], [ 33.682328, -8.983535 ], [ 33.682382, -8.983537 ], [ 33.682382, -8.983531 ], [ 33.682391, -8.983514 ], [ 33.682393, -8.983477 ], [ 33.682327, -8.983381 ], [ 33.682238, -8.983346 ], [ 33.682136, -8.983294 ], [ 33.682, -8.983227 ], [ 33.681905, -8.983186 ], [ 33.681804, -8.983169 ], [ 33.681808, -8.983217 ], [ 33.681797, -8.983302 ], [ 33.681798, -8.98333 ], [ 33.681821, -8.983385 ], [ 33.681838, -8.983429 ] ] ] } }
]
}
