{
"type": "FeatureCollection",
"crs": { "type": "name", "properties": { "name": "urn:ogc:def:crs:OGC:1.3:CRS84" } },
                                                                                
"features": [
{ "type": "Feature", "properties": { "track_fid": 0, "track_seg_id": 0, "track_seg_point_id": 0, "ele": 1244.080000, "time": "2014\/05\/27 04:10:55+00", "magvar": null, "geoidheight": null, "name": null, "cmt": null, "desc": null, "src": null, "link1_href": null, "link1_text": null, "link1_type": null, "link2_href": null, "link2_text": null, "link2_type": null, "sym": null, "type": null, "fix": null, "sat": null, "hdop": null, "vdop": null, "pdop": null, "ageofdgpsdata": null, "dgpsid": null }, "geometry": { "type": "Point", "coordinates": [ 35.252614, -9.049906 ] } },
{ "type": "Feature", "properties": { "track_fid": 0, "track_seg_id": 0, "track_seg_point_id": 1, "ele": 1244.080000, "time": "2014\/05\/27 04:10:56+00", "magvar": null, "geoidheight": null, "name": null, "cmt": null, "desc": null, "src": null, "link1_href": null, "link1_text": null, "link1_type": null, "link2_href": null, "link2_text": null, "link2_type": null, "sym": null, "type": null, "fix": null, "sat": null, "hdop": null, "vdop": null, "pdop": null, "ageofdgpsdata": null, "dgpsid": null }, "geometry": { "type": "Point", "coordinates": [ 35.252614, -9.049906 ] } },
{ "type": "Feature", "properties": { "track_fid": 0, "track_seg_id": 0, "track_seg_point_id": 2, "ele": 1244.560000, "time": "2014\/05\/27 04:11:09+00", "magvar": null, "geoidheight": null, "name": null, "cmt": null, "desc": null, "src": null, "link1_href": null, "link1_text": null, "link1_type": null, "link2_href": null, "link2_text": null, "link2_type": null, "sym": null, "type": null, "fix": null, "sat": null, "hdop": null, "vdop": null, "pdop": null, "ageofdgpsdata": null, "dgpsid": null }, "geometry": { "type": "Point", "coordinates": [ 35.252534, -9.04993 ] } },
{ "type": "Feature", "properties": { "track_fid": 0, "track_seg_id": 0, "track_seg_point_id": 3, "ele": 1243.120000, "time": "2014\/05\/27 04:11:24+00", "magvar": null, "geoidheight": null, "name": null, "cmt": null, "desc": null, "src": null, "link1_href": null, "link1_text": null, "link1_type": null, "link2_href": null, "link2_text": null, "link2_type": null, "sym": null, "type": null, "fix": null, "sat": null, "hdop": null, "vdop": null, "pdop": null, "ageofdgpsdata": null, "dgpsid": null }, "geometry": { "type": "Point", "coordinates": [ 35.252453, -9.049961 ] } },
{ "type": "Feature", "properties": { "track_fid": 0, "track_seg_id": 0, "track_seg_point_id": 4, "ele": 1242.160000, "time": "2014\/05\/27 04:11:38+00", "magvar": null, "geoidheight": null, "name": null, "cmt": null, "desc": null, "src": null, "link1_href": null, "link1_text": null, "link1_type": null, "link2_href": null, "link2_text": null, "link2_type": null, "sym": null, "type": null, "fix": null, "sat": null, "hdop": null, "vdop": null, "pdop": null, "ageofdgpsdata": null, "dgpsid": null }, "geometry": { "type": "Point", "coordinates": [ 35.252428, -9.049983 ] } },
{ "type": "Feature", "properties": { "track_fid": 0, "track_seg_id": 0, "track_seg_point_id": 5, "ele": 1241.680000, "time": "2014\/05\/27 04:11:52+00", "magvar": null, "geoidheight": null, "name": null, "cmt": null, "desc": null, "src": null, "link1_href": null, "link1_text": null, "link1_type": null, "link2_href": null, "link2_text": null, "link2_type": null, "sym": null, "type": null, "fix": null, "sat": null, "hdop": null, "vdop": null, "pdop": null, "ageofdgpsdata": null, "dgpsid": null }, "geometry": { "type": "Point", "coordinates": [ 35.252392, -9.050003 ] } },
{ "type": "Feature", "properties": { "track_fid": 0, "track_seg_id": 0, "track_seg_point_id": 6, "ele": 1241.200000, "time": "2014\/05\/27 04:12:06+00", "magvar": null, "geoidheight": null, "name": null, "cmt": null, "desc": null, "src": null, "link1_href": null, "link1_text": null, "link1_type": null, "link2_href": null, "link2_text": null, "link2_type": null, "sym": null, "type": null, "fix": null, "sat": null, "hdop": null, "vdop": null, "pdop": null, "ageofdgpsdata": null, "dgpsid": null }, "geometry": { "type": "Point", "coordinates": [ 35.252374, -9.05002 ] } },
{ "type": "Feature", "properties": { "track_fid": 0, "track_seg_id": 0, "track_seg_point_id": 7, "ele": 1239.280000, "time": "2014\/05\/27 04:12:24+00", "magvar": null, "geoidheight": null, "name": null, "cmt": null, "desc": null, "src": null, "link1_href": null, "link1_text": null, "link1_type": null, "link2_href": null, "link2_text": null, "link2_type": null, "sym": null, "type": null, "fix": null, "sat": null, "hdop": null, "vdop": null, "pdop": null, "ageofdgpsdata": null, "dgpsid": null }, "geometry": { "type": "Point", "coordinates": [ 35.252298, -9.050059 ] } },
{ "type": "Feature", "properties": { "track_fid": 0, "track_seg_id": 0, "track_seg_point_id": 8, "ele": 1235.430000, "time": "2014\/05\/27 04:12:41+00", "magvar": null, "geoidheight": null, "name": null, "cmt": null, "desc": null, "src": null, "link1_href": null, "link1_text": null, "link1_type": null, "link2_href": null, "link2_text": null, "link2_type": null, "sym": null, "type": null, "fix": null, "sat": null, "hdop": null, "vdop": null, "pdop": null, "ageofdgpsdata": null, "dgpsid": null }, "geometry": { "type": "Point", "coordinates": [ 35.252237, -9.050105 ] } },
{ "type": "Feature", "properties": { "track_fid": 0, "track_seg_id": 0, "track_seg_point_id": 9, "ele": 1233.030000, "time": "2014\/05\/27 04:12:55+00", "magvar": null, "geoidheight": null, "name": null, "cmt": null, "desc": null, "src": null, "link1_href": null, "link1_text": null, "link1_type": null, "link2_href": null, "link2_text": null, "link2_type": null, "sym": null, "type": null, "fix": null, "sat": null, "hdop": null, "vdop": null, "pdop": null, "ageofdgpsdata": null, "dgpsid": null }, "geometry": { "type": "Point", "coordinates": [ 35.252181, -9.050144 ] } },
{ "type": "Feature", "properties": { "track_fid": 0, "track_seg_id": 0, "track_seg_point_id": 10, "ele": 1230.140000, "time": "2014\/05\/27 04:13:10+00", "magvar": null, "geoidheight": null, "name": null, "cmt": null, "desc": null, "src": null, "link1_href": null, "link1_text": null, "link1_type": null, "link2_href": null, "link2_text": null, "link2_type": null, "sym": null, "type": null, "fix": null, "sat": null, "hdop": null, "vdop": null, "pdop": null, "ageofdgpsdata": null, "dgpsid": null }, "geometry": { "type": "Point", "coordinates": [ 35.252114, -9.050175 ] } },
{ "type": "Feature", "properties": { "track_fid": 0, "track_seg_id": 0, "track_seg_point_id": 11, "ele": 1227.740000, "time": "2014\/05\/27 04:13:24+00", "magvar": null, "geoidheight": null, "name": null, "cmt": null, "desc": null, "src": null, "link1_href": null, "link1_text": null, "link1_type": null, "link2_href": null, "link2_text": null, "link2_type": null, "sym": null, "type": null, "fix": null, "sat": null, "hdop": null, "vdop": null, "pdop": null, "ageofdgpsdata": null, "dgpsid": null }, "geometry": { "type": "Point", "coordinates": [ 35.252051, -9.050216 ] } },
{ "type": "Feature", "properties": { "track_fid": 0, "track_seg_id": 0, "track_seg_point_id": 12, "ele": 1226.780000, "time": "2014\/05\/27 04:13:37+00", "magvar": null, "geoidheight": null, "name": null, "cmt": null, "desc": null, "src": null, "link1_href": null, "link1_text": null, "link1_type": null, "link2_href": null, "link2_text": null, "link2_type": null, "sym": null, "type": null, "fix": null, "sat": null, "hdop": null, "vdop": null, "pdop": null, "ageofdgpsdata": null, "dgpsid": null }, "geometry": { "type": "Point", "coordinates": [ 35.252032, -9.050229 ] } },
{ "type": "Feature", "properties": { "track_fid": 0, "track_seg_id": 0, "track_seg_point_id": 13, "ele": 1225.820000, "time": "2014\/05\/27 04:14:03+00", "magvar": null, "geoidheight": null, "name": null, "cmt": null, "desc": null, "src": null, "link1_href": null, "link1_text": null, "link1_type": null, "link2_href": null, "link2_text": null, "link2_type": null, "sym": null, "type": null, "fix": null, "sat": null, "hdop": null, "vdop": null, "pdop": null, "ageofdgpsdata": null, "dgpsid": null }, "geometry": { "type": "Point", "coordinates": [ 35.252008, -9.050243 ] } },
{ "type": "Feature", "properties": { "track_fid": 0, "track_seg_id": 0, "track_seg_point_id": 14, "ele": 1225.340000, "time": "2014\/05\/27 04:14:18+00", "magvar": null, "geoidheight": null, "name": null, "cmt": null, "desc": null, "src": null, "link1_href": null, "link1_text": null, "link1_type": null, "link2_href": null, "link2_text": null, "link2_type": null, "sym": null, "type": null, "fix": null, "sat": null, "hdop": null, "vdop": null, "pdop": null, "ageofdgpsdata": null, "dgpsid": null }, "geometry": { "type": "Point", "coordinates": [ 35.251975, -9.050263 ] } },
{ "type": "Feature", "properties": { "track_fid": 0, "track_seg_id": 0, "track_seg_point_id": 15, "ele": 1224.380000, "time": "2014\/05\/27 04:14:31+00", "magvar": null, "geoidheight": null, "name": null, "cmt": null, "desc": null, "src": null, "link1_href": null, "link1_text": null, "link1_type": null, "link2_href": null, "link2_text": null, "link2_type": null, "sym": null, "type": null, "fix": null, "sat": null, "hdop": null, "vdop": null, "pdop": null, "ageofdgpsdata": null, "dgpsid": null }, "geometry": { "type": "Point", "coordinates": [ 35.251959, -9.050263 ] } },
{ "type": "Feature", "properties": { "track_fid": 0, "track_seg_id": 0, "track_seg_point_id": 16, "ele": 1224.380000, "time": "2014\/05\/27 04:14:47+00", "magvar": null, "geoidheight": null, "name": null, "cmt": null, "desc": null, "src": null, "link1_href": null, "link1_text": null, "link1_type": null, "link2_href": null, "link2_text": null, "link2_type": null, "sym": null, "type": null, "fix": null, "sat": null, "hdop": null, "vdop": null, "pdop": null, "ageofdgpsdata": null, "dgpsid": null }, "geometry": { "type": "Point", "coordinates": [ 35.251955, -9.050264 ] } },
{ "type": "Feature", "properties": { "track_fid": 0, "track_seg_id": 0, "track_seg_point_id": 17, "ele": 1224.380000, "time": "2014\/05\/27 04:15:03+00", "magvar": null, "geoidheight": null, "name": null, "cmt": null, "desc": null, "src": null, "link1_href": null, "link1_text": null, "link1_type": null, "link2_href": null, "link2_text": null, "link2_type": null, "sym": null, "type": null, "fix": null, "sat": null, "hdop": null, "vdop": null, "pdop": null, "ageofdgpsdata": null, "dgpsid": null }, "geometry": { "type": "Point", "coordinates": [ 35.251955, -9.050264 ] } },
{ "type": "Feature", "properties": { "track_fid": 0, "track_seg_id": 0, "track_seg_point_id": 18, "ele": 1222.930000, "time": "2014\/05\/27 04:15:19+00", "magvar": null, "geoidheight": null, "name": null, "cmt": null, "desc": null, "src": null, "link1_href": null, "link1_text": null, "link1_type": null, "link2_href": null, "link2_text": null, "link2_type": null, "sym": null, "type": null, "fix": null, "sat": null, "hdop": null, "vdop": null, "pdop": null, "ageofdgpsdata": null, "dgpsid": null }, "geometry": { "type": "Point", "coordinates": [ 35.251924, -9.050279 ] } },
{ "type": "Feature", "properties": { "track_fid": 0, "track_seg_id": 0, "track_seg_point_id": 19, "ele": 1221.010000, "time": "2014\/05\/27 04:15:30+00", "magvar": null, "geoidheight": null, "name": null, "cmt": null, "desc": null, "src": null, "link1_href": null, "link1_text": null, "link1_type": null, "link2_href": null, "link2_text": null, "link2_type": null, "sym": null, "type": null, "fix": null, "sat": null, "hdop": null, "vdop": null, "pdop": null, "ageofdgpsdata": null, "dgpsid": null }, "geometry": { "type": "Point", "coordinates": [ 35.25186, -9.050327 ] } },
{ "type": "Feature", "properties": { "track_fid": 0, "track_seg_id": 0, "track_seg_point_id": 20, "ele": 1219.570000, "time": "2014\/05\/27 04:15:42+00", "magvar": null, "geoidheight": null, "name": null, "cmt": null, "desc": null, "src": null, "link1_href": null, "link1_text": null, "link1_type": null, "link2_href": null, "link2_text": null, "link2_type": null, "sym": null, "type": null, "fix": null, "sat": null, "hdop": null, "vdop": null, "pdop": null, "ageofdgpsdata": null, "dgpsid": null }, "geometry": { "type": "Point", "coordinates": [ 35.251829, -9.050348 ] } },
{ "type": "Feature", "properties": { "track_fid": 0, "track_seg_id": 0, "track_seg_point_id": 21, "ele": 1219.090000, "time": "2014\/05\/27 04:15:55+00", "magvar": null, "geoidheight": null, "name": null, "cmt": null, "desc": null, "src": null, "link1_href": null, "link1_text": null, "link1_type": null, "link2_href": null, "link2_text": null, "link2_type": null, "sym": null, "type": null, "fix": null, "sat": null, "hdop": null, "vdop": null, "pdop": null, "ageofdgpsdata": null, "dgpsid": null }, "geometry": { "type": "Point", "coordinates": [ 35.251803, -9.050363 ] } },
{ "type": "Feature", "properties": { "track_fid": 0, "track_seg_id": 0, "track_seg_point_id": 22, "ele": 1218.610000, "time": "2014\/05\/27 04:16:01+00", "magvar": null, "geoidheight": null, "name": null, "cmt": null, "desc": null, "src": null, "link1_href": null, "link1_text": null, "link1_type": null, "link2_href": null, "link2_text": null, "link2_type": null, "sym": null, "type": null, "fix": null, "sat": null, "hdop": null, "vdop": null, "pdop": null, "ageofdgpsdata": null, "dgpsid": null }, "geometry": { "type": "Point", "coordinates": [ 35.251798, -9.050365 ] } },
{ "type": "Feature", "properties": { "track_fid": 0, "track_seg_id": 0, "track_seg_point_id": 23, "ele": 1217.170000, "time": "2014\/05\/27 04:16:14+00", "magvar": null, "geoidheight": null, "name": null, "cmt": null, "desc": null, "src": null, "link1_href": null, "link1_text": null, "link1_type": null, "link2_href": null, "link2_text": null, "link2_type": null, "sym": null, "type": null, "fix": null, "sat": null, "hdop": null, "vdop": null, "pdop": null, "ageofdgpsdata": null, "dgpsid": null }, "geometry": { "type": "Point", "coordinates": [ 35.251687, -9.050406 ] } },
{ "type": "Feature", "properties": { "track_fid": 0, "track_seg_id": 0, "track_seg_point_id": 24, "ele": 1217.650000, "time": "2014\/05\/27 04:16:27+00", "magvar": null, "geoidheight": null, "name": null, "cmt": null, "desc": null, "src": null, "link1_href": null, "link1_text": null, "link1_type": null, "link2_href": null, "link2_text": null, "link2_type": null, "sym": null, "type": null, "fix": null, "sat": null, "hdop": null, "vdop": null, "pdop": null, "ageofdgpsdata": null, "dgpsid": null }, "geometry": { "type": "Point", "coordinates": [ 35.251646, -9.050442 ] } },
{ "type": "Feature", "properties": { "track_fid": 0, "track_seg_id": 0, "track_seg_point_id": 25, "ele": 1217.650000, "time": "2014\/05\/27 04:16:40+00", "magvar": null, "geoidheight": null, "name": null, "cmt": null, "desc": null, "src": null, "link1_href": null, "link1_text": null, "link1_type": null, "link2_href": null, "link2_text": null, "link2_type": null, "sym": null, "type": null, "fix": null, "sat": null, "hdop": null, "vdop": null, "pdop": null, "ageofdgpsdata": null, "dgpsid": null }, "geometry": { "type": "Point", "coordinates": [ 35.25156, -9.050485 ] } },
{ "type": "Feature", "properties": { "track_fid": 0, "track_seg_id": 0, "track_seg_point_id": 26, "ele": 1216.210000, "time": "2014\/05\/27 04:16:50+00", "magvar": null, "geoidheight": null, "name": null, "cmt": null, "desc": null, "src": null, "link1_href": null, "link1_text": null, "link1_type": null, "link2_href": null, "link2_text": null, "link2_type": null, "sym": null, "type": null, "fix": null, "sat": null, "hdop": null, "vdop": null, "pdop": null, "ageofdgpsdata": null, "dgpsid": null }, "geometry": { "type": "Point", "coordinates": [ 35.251519, -9.050551 ] } },
{ "type": "Feature", "properties": { "track_fid": 0, "track_seg_id": 0, "track_seg_point_id": 27, "ele": 1215.720000, "time": "2014\/05\/27 04:17:03+00", "magvar": null, "geoidheight": null, "name": null, "cmt": null, "desc": null, "src": null, "link1_href": null, "link1_text": null, "link1_type": null, "link2_href": null, "link2_text": null, "link2_type": null, "sym": null, "type": null, "fix": null, "sat": null, "hdop": null, "vdop": null, "pdop": null, "ageofdgpsdata": null, "dgpsid": null }, "geometry": { "type": "Point", "coordinates": [ 35.251481, -9.050664 ] } },
{ "type": "Feature", "properties": { "track_fid": 0, "track_seg_id": 0, "track_seg_point_id": 28, "ele": 1215.720000, "time": "2014\/05\/27 04:17:06+00", "magvar": null, "geoidheight": null, "name": null, "cmt": null, "desc": null, "src": null, "link1_href": null, "link1_text": null, "link1_type": null, "link2_href": null, "link2_text": null, "link2_type": null, "sym": null, "type": null, "fix": null, "sat": null, "hdop": null, "vdop": null, "pdop": null, "ageofdgpsdata": null, "dgpsid": null }, "geometry": { "type": "Point", "coordinates": [ 35.251478, -9.050696 ] } },
{ "type": "Feature", "properties": { "track_fid": 0, "track_seg_id": 0, "track_seg_point_id": 29, "ele": 1214.760000, "time": "2014\/05\/27 04:17:20+00", "magvar": null, "geoidheight": null, "name": null, "cmt": null, "desc": null, "src": null, "link1_href": null, "link1_text": null, "link1_type": null, "link2_href": null, "link2_text": null, "link2_type": null, "sym": null, "type": null, "fix": null, "sat": null, "hdop": null, "vdop": null, "pdop": null, "ageofdgpsdata": null, "dgpsid": null }, "geometry": { "type": "Point", "coordinates": [ 35.251435, -9.050819 ] } },
{ "type": "Feature", "properties": { "track_fid": 0, "track_seg_id": 0, "track_seg_point_id": 30, "ele": 1214.760000, "time": "2014\/05\/27 04:17:24+00", "magvar": null, "geoidheight": null, "name": null, "cmt": null, "desc": null, "src": null, "link1_href": null, "link1_text": null, "link1_type": null, "link2_href": null, "link2_text": null, "link2_type": null, "sym": null, "type": null, "fix": null, "sat": null, "hdop": null, "vdop": null, "pdop": null, "ageofdgpsdata": null, "dgpsid": null }, "geometry": { "type": "Point", "coordinates": [ 35.251436, -9.050851 ] } },
{ "type": "Feature", "properties": { "track_fid": 0, "track_seg_id": 0, "track_seg_point_id": 31, "ele": 1214.760000, "time": "2014\/05\/27 04:17:38+00", "magvar": null, "geoidheight": null, "name": null, "cmt": null, "desc": null, "src": null, "link1_href": null, "link1_text": null, "link1_type": null, "link2_href": null, "link2_text": null, "link2_type": null, "sym": null, "type": null, "fix": null, "sat": null, "hdop": null, "vdop": null, "pdop": null, "ageofdgpsdata": null, "dgpsid": null }, "geometry": { "type": "Point", "coordinates": [ 35.251434, -9.050927 ] } },
{ "type": "Feature", "properties": { "track_fid": 0, "track_seg_id": 0, "track_seg_point_id": 32, "ele": 1214.280000, "time": "2014\/05\/27 04:17:51+00", "magvar": null, "geoidheight": null, "name": null, "cmt": null, "desc": null, "src": null, "link1_href": null, "link1_text": null, "link1_type": null, "link2_href": null, "link2_text": null, "link2_type": null, "sym": null, "type": null, "fix": null, "sat": null, "hdop": null, "vdop": null, "pdop": null, "ageofdgpsdata": null, "dgpsid": null }, "geometry": { "type": "Point", "coordinates": [ 35.251361, -9.050984 ] } },
{ "type": "Feature", "properties": { "track_fid": 0, "track_seg_id": 0, "track_seg_point_id": 33, "ele": 1213.800000, "time": "2014\/05\/27 04:18:02+00", "magvar": null, "geoidheight": null, "name": null, "cmt": null, "desc": null, "src": null, "link1_href": null, "link1_text": null, "link1_type": null, "link2_href": null, "link2_text": null, "link2_type": null, "sym": null, "type": null, "fix": null, "sat": null, "hdop": null, "vdop": null, "pdop": null, "ageofdgpsdata": null, "dgpsid": null }, "geometry": { "type": "Point", "coordinates": [ 35.251327, -9.051038 ] } },
{ "type": "Feature", "properties": { "track_fid": 0, "track_seg_id": 0, "track_seg_point_id": 34, "ele": 1213.800000, "time": "2014\/05\/27 04:18:18+00", "magvar": null, "geoidheight": null, "name": null, "cmt": null, "desc": null, "src": null, "link1_href": null, "link1_text": null, "link1_type": null, "link2_href": null, "link2_text": null, "link2_type": null, "sym": null, "type": null, "fix": null, "sat": null, "hdop": null, "vdop": null, "pdop": null, "ageofdgpsdata": null, "dgpsid": null }, "geometry": { "type": "Point", "coordinates": [ 35.251276, -9.051107 ] } },
{ "type": "Feature", "properties": { "track_fid": 0, "track_seg_id": 0, "track_seg_point_id": 35, "ele": 1214.280000, "time": "2014\/05\/27 04:18:32+00", "magvar": null, "geoidheight": null, "name": null, "cmt": null, "desc": null, "src": null, "link1_href": null, "link1_text": null, "link1_type": null, "link2_href": null, "link2_text": null, "link2_type": null, "sym": null, "type": null, "fix": null, "sat": null, "hdop": null, "vdop": null, "pdop": null, "ageofdgpsdata": null, "dgpsid": null }, "geometry": { "type": "Point", "coordinates": [ 35.251217, -9.051145 ] } },
{ "type": "Feature", "properties": { "track_fid": 0, "track_seg_id": 0, "track_seg_point_id": 36, "ele": 1213.800000, "time": "2014\/05\/27 04:18:35+00", "magvar": null, "geoidheight": null, "name": null, "cmt": null, "desc": null, "src": null, "link1_href": null, "link1_text": null, "link1_type": null, "link2_href": null, "link2_text": null, "link2_type": null, "sym": null, "type": null, "fix": null, "sat": null, "hdop": null, "vdop": null, "pdop": null, "ageofdgpsdata": null, "dgpsid": null }, "geometry": { "type": "Point", "coordinates": [ 35.251198, -9.051152 ] } },
{ "type": "Feature", "properties": { "track_fid": 0, "track_seg_id": 0, "track_seg_point_id": 37, "ele": 1212.840000, "time": "2014\/05\/27 04:18:49+00", "magvar": null, "geoidheight": null, "name": null, "cmt": null, "desc": null, "src": null, "link1_href": null, "link1_text": null, "link1_type": null, "link2_href": null, "link2_text": null, "link2_type": null, "sym": null, "type": null, "fix": null, "sat": null, "hdop": null, "vdop": null, "pdop": null, "ageofdgpsdata": null, "dgpsid": null }, "geometry": { "type": "Point", "coordinates": [ 35.251133, -9.051233 ] } },
{ "type": "Feature", "properties": { "track_fid": 0, "track_seg_id": 0, "track_seg_point_id": 38, "ele": 1212.360000, "time": "2014\/05\/27 04:19:01+00", "magvar": null, "geoidheight": null, "name": null, "cmt": null, "desc": null, "src": null, "link1_href": null, "link1_text": null, "link1_type": null, "link2_href": null, "link2_text": null, "link2_type": null, "sym": null, "type": null, "fix": null, "sat": null, "hdop": null, "vdop": null, "pdop": null, "ageofdgpsdata": null, "dgpsid": null }, "geometry": { "type": "Point", "coordinates": [ 35.251084, -9.05128 ] } },
{ "type": "Feature", "properties": { "track_fid": 0, "track_seg_id": 0, "track_seg_point_id": 39, "ele": 1212.840000, "time": "2014\/05\/27 04:19:14+00", "magvar": null, "geoidheight": null, "name": null, "cmt": null, "desc": null, "src": null, "link1_href": null, "link1_text": null, "link1_type": null, "link2_href": null, "link2_text": null, "link2_type": null, "sym": null, "type": null, "fix": null, "sat": null, "hdop": null, "vdop": null, "pdop": null, "ageofdgpsdata": null, "dgpsid": null }, "geometry": { "type": "Point", "coordinates": [ 35.251038, -9.051328 ] } },
{ "type": "Feature", "properties": { "track_fid": 0, "track_seg_id": 0, "track_seg_point_id": 40, "ele": 1212.840000, "time": "2014\/05\/27 04:19:30+00", "magvar": null, "geoidheight": null, "name": null, "cmt": null, "desc": null, "src": null, "link1_href": null, "link1_text": null, "link1_type": null, "link2_href": null, "link2_text": null, "link2_type": null, "sym": null, "type": null, "fix": null, "sat": null, "hdop": null, "vdop": null, "pdop": null, "ageofdgpsdata": null, "dgpsid": null }, "geometry": { "type": "Point", "coordinates": [ 35.250971, -9.051371 ] } },
{ "type": "Feature", "properties": { "track_fid": 0, "track_seg_id": 0, "track_seg_point_id": 41, "ele": 1213.320000, "time": "2014\/05\/27 04:19:45+00", "magvar": null, "geoidheight": null, "name": null, "cmt": null, "desc": null, "src": null, "link1_href": null, "link1_text": null, "link1_type": null, "link2_href": null, "link2_text": null, "link2_type": null, "sym": null, "type": null, "fix": null, "sat": null, "hdop": null, "vdop": null, "pdop": null, "ageofdgpsdata": null, "dgpsid": null }, "geometry": { "type": "Point", "coordinates": [ 35.250899, -9.051412 ] } },
{ "type": "Feature", "properties": { "track_fid": 0, "track_seg_id": 0, "track_seg_point_id": 42, "ele": 1212.360000, "time": "2014\/05\/27 04:19:58+00", "magvar": null, "geoidheight": null, "name": null, "cmt": null, "desc": null, "src": null, "link1_href": null, "link1_text": null, "link1_type": null, "link2_href": null, "link2_text": null, "link2_type": null, "sym": null, "type": null, "fix": null, "sat": null, "hdop": null, "vdop": null, "pdop": null, "ageofdgpsdata": null, "dgpsid": null }, "geometry": { "type": "Point", "coordinates": [ 35.2508, -9.05145 ] } },
{ "type": "Feature", "properties": { "track_fid": 0, "track_seg_id": 0, "track_seg_point_id": 43, "ele": 1212.360000, "time": "2014\/05\/27 04:20:03+00", "magvar": null, "geoidheight": null, "name": null, "cmt": null, "desc": null, "src": null, "link1_href": null, "link1_text": null, "link1_type": null, "link2_href": null, "link2_text": null, "link2_type": null, "sym": null, "type": null, "fix": null, "sat": null, "hdop": null, "vdop": null, "pdop": null, "ageofdgpsdata": null, "dgpsid": null }, "geometry": { "type": "Point", "coordinates": [ 35.250755, -9.05144 ] } },
{ "type": "Feature", "properties": { "track_fid": 0, "track_seg_id": 0, "track_seg_point_id": 44, "ele": 1211.880000, "time": "2014\/05\/27 04:20:19+00", "magvar": null, "geoidheight": null, "name": null, "cmt": null, "desc": null, "src": null, "link1_href": null, "link1_text": null, "link1_type": null, "link2_href": null, "link2_text": null, "link2_type": null, "sym": null, "type": null, "fix": null, "sat": null, "hdop": null, "vdop": null, "pdop": null, "ageofdgpsdata": null, "dgpsid": null }, "geometry": { "type": "Point", "coordinates": [ 35.250636, -9.051389 ] } },
{ "type": "Feature", "properties": { "track_fid": 0, "track_seg_id": 0, "track_seg_point_id": 45, "ele": 1211.880000, "time": "2014\/05\/27 04:20:33+00", "magvar": null, "geoidheight": null, "name": null, "cmt": null, "desc": null, "src": null, "link1_href": null, "link1_text": null, "link1_type": null, "link2_href": null, "link2_text": null, "link2_type": null, "sym": null, "type": null, "fix": null, "sat": null, "hdop": null, "vdop": null, "pdop": null, "ageofdgpsdata": null, "dgpsid": null }, "geometry": { "type": "Point", "coordinates": [ 35.250578, -9.051371 ] } },
{ "type": "Feature", "properties": { "track_fid": 0, "track_seg_id": 0, "track_seg_point_id": 46, "ele": 1211.880000, "time": "2014\/05\/27 04:20:47+00", "magvar": null, "geoidheight": null, "name": null, "cmt": null, "desc": null, "src": null, "link1_href": null, "link1_text": null, "link1_type": null, "link2_href": null, "link2_text": null, "link2_type": null, "sym": null, "type": null, "fix": null, "sat": null, "hdop": null, "vdop": null, "pdop": null, "ageofdgpsdata": null, "dgpsid": null }, "geometry": { "type": "Point", "coordinates": [ 35.250544, -9.051373 ] } },
{ "type": "Feature", "properties": { "track_fid": 0, "track_seg_id": 0, "track_seg_point_id": 47, "ele": 1212.840000, "time": "2014\/05\/27 04:21:12+00", "magvar": null, "geoidheight": null, "name": null, "cmt": null, "desc": null, "src": null, "link1_href": null, "link1_text": null, "link1_type": null, "link2_href": null, "link2_text": null, "link2_type": null, "sym": null, "type": null, "fix": null, "sat": null, "hdop": null, "vdop": null, "pdop": null, "ageofdgpsdata": null, "dgpsid": null }, "geometry": { "type": "Point", "coordinates": [ 35.250503, -9.051359 ] } },
{ "type": "Feature", "properties": { "track_fid": 0, "track_seg_id": 0, "track_seg_point_id": 48, "ele": 1213.800000, "time": "2014\/05\/27 04:21:25+00", "magvar": null, "geoidheight": null, "name": null, "cmt": null, "desc": null, "src": null, "link1_href": null, "link1_text": null, "link1_type": null, "link2_href": null, "link2_text": null, "link2_type": null, "sym": null, "type": null, "fix": null, "sat": null, "hdop": null, "vdop": null, "pdop": null, "ageofdgpsdata": null, "dgpsid": null }, "geometry": { "type": "Point", "coordinates": [ 35.250465, -9.051288 ] } },
{ "type": "Feature", "properties": { "track_fid": 0, "track_seg_id": 0, "track_seg_point_id": 49, "ele": 1213.800000, "time": "2014\/05\/27 04:21:37+00", "magvar": null, "geoidheight": null, "name": null, "cmt": null, "desc": null, "src": null, "link1_href": null, "link1_text": null, "link1_type": null, "link2_href": null, "link2_text": null, "link2_type": null, "sym": null, "type": null, "fix": null, "sat": null, "hdop": null, "vdop": null, "pdop": null, "ageofdgpsdata": null, "dgpsid": null }, "geometry": { "type": "Point", "coordinates": [ 35.25043, -9.051253 ] } },
{ "type": "Feature", "properties": { "track_fid": 0, "track_seg_id": 0, "track_seg_point_id": 50, "ele": 1214.760000, "time": "2014\/05\/27 04:21:47+00", "magvar": null, "geoidheight": null, "name": null, "cmt": null, "desc": null, "src": null, "link1_href": null, "link1_text": null, "link1_type": null, "link2_href": null, "link2_text": null, "link2_type": null, "sym": null, "type": null, "fix": null, "sat": null, "hdop": null, "vdop": null, "pdop": null, "ageofdgpsdata": null, "dgpsid": null }, "geometry": { "type": "Point", "coordinates": [ 35.250372, -9.051241 ] } },
{ "type": "Feature", "properties": { "track_fid": 0, "track_seg_id": 0, "track_seg_point_id": 51, "ele": 1216.210000, "time": "2014\/05\/27 04:21:59+00", "magvar": null, "geoidheight": null, "name": null, "cmt": null, "desc": null, "src": null, "link1_href": null, "link1_text": null, "link1_type": null, "link2_href": null, "link2_text": null, "link2_type": null, "sym": null, "type": null, "fix": null, "sat": null, "hdop": null, "vdop": null, "pdop": null, "ageofdgpsdata": null, "dgpsid": null }, "geometry": { "type": "Point", "coordinates": [ 35.250311, -9.051171 ] } },
{ "type": "Feature", "properties": { "track_fid": 0, "track_seg_id": 0, "track_seg_point_id": 52, "ele": 1217.650000, "time": "2014\/05\/27 04:22:11+00", "magvar": null, "geoidheight": null, "name": null, "cmt": null, "desc": null, "src": null, "link1_href": null, "link1_text": null, "link1_type": null, "link2_href": null, "link2_text": null, "link2_type": null, "sym": null, "type": null, "fix": null, "sat": null, "hdop": null, "vdop": null, "pdop": null, "ageofdgpsdata": null, "dgpsid": null }, "geometry": { "type": "Point", "coordinates": [ 35.2503, -9.051152 ] } },
{ "type": "Feature", "properties": { "track_fid": 0, "track_seg_id": 0, "track_seg_point_id": 53, "ele": 1217.170000, "time": "2014\/05\/27 04:22:22+00", "magvar": null, "geoidheight": null, "name": null, "cmt": null, "desc": null, "src": null, "link1_href": null, "link1_text": null, "link1_type": null, "link2_href": null, "link2_text": null, "link2_type": null, "sym": null, "type": null, "fix": null, "sat": null, "hdop": null, "vdop": null, "pdop": null, "ageofdgpsdata": null, "dgpsid": null }, "geometry": { "type": "Point", "coordinates": [ 35.250311, -9.051126 ] } },
{ "type": "Feature", "properties": { "track_fid": 0, "track_seg_id": 0, "track_seg_point_id": 54, "ele": 1217.170000, "time": "2014\/05\/27 04:22:25+00", "magvar": null, "geoidheight": null, "name": null, "cmt": null, "desc": null, "src": null, "link1_href": null, "link1_text": null, "link1_type": null, "link2_href": null, "link2_text": null, "link2_type": null, "sym": null, "type": null, "fix": null, "sat": null, "hdop": null, "vdop": null, "pdop": null, "ageofdgpsdata": null, "dgpsid": null }, "geometry": { "type": "Point", "coordinates": [ 35.250298, -9.051102 ] } },
{ "type": "Feature", "properties": { "track_fid": 0, "track_seg_id": 0, "track_seg_point_id": 55, "ele": 1217.170000, "time": "2014\/05\/27 04:22:39+00", "magvar": null, "geoidheight": null, "name": null, "cmt": null, "desc": null, "src": null, "link1_href": null, "link1_text": null, "link1_type": null, "link2_href": null, "link2_text": null, "link2_type": null, "sym": null, "type": null, "fix": null, "sat": null, "hdop": null, "vdop": null, "pdop": null, "ageofdgpsdata": null, "dgpsid": null }, "geometry": { "type": "Point", "coordinates": [ 35.250251, -9.051012 ] } },
{ "type": "Feature", "properties": { "track_fid": 0, "track_seg_id": 0, "track_seg_point_id": 56, "ele": 1218.130000, "time": "2014\/05\/27 04:22:51+00", "magvar": null, "geoidheight": null, "name": null, "cmt": null, "desc": null, "src": null, "link1_href": null, "link1_text": null, "link1_type": null, "link2_href": null, "link2_text": null, "link2_type": null, "sym": null, "type": null, "fix": null, "sat": null, "hdop": null, "vdop": null, "pdop": null, "ageofdgpsdata": null, "dgpsid": null }, "geometry": { "type": "Point", "coordinates": [ 35.250234, -9.050937 ] } },
{ "type": "Feature", "properties": { "track_fid": 0, "track_seg_id": 0, "track_seg_point_id": 57, "ele": 1219.570000, "time": "2014\/05\/27 04:23:05+00", "magvar": null, "geoidheight": null, "name": null, "cmt": null, "desc": null, "src": null, "link1_href": null, "link1_text": null, "link1_type": null, "link2_href": null, "link2_text": null, "link2_type": null, "sym": null, "type": null, "fix": null, "sat": null, "hdop": null, "vdop": null, "pdop": null, "ageofdgpsdata": null, "dgpsid": null }, "geometry": { "type": "Point", "coordinates": [ 35.250158, -9.050876 ] } },
{ "type": "Feature", "properties": { "track_fid": 0, "track_seg_id": 0, "track_seg_point_id": 58, "ele": 1220.530000, "time": "2014\/05\/27 04:23:20+00", "magvar": null, "geoidheight": null, "name": null, "cmt": null, "desc": null, "src": null, "link1_href": null, "link1_text": null, "link1_type": null, "link2_href": null, "link2_text": null, "link2_type": null, "sym": null, "type": null, "fix": null, "sat": null, "hdop": null, "vdop": null, "pdop": null, "ageofdgpsdata": null, "dgpsid": null }, "geometry": { "type": "Point", "coordinates": [ 35.250121, -9.050829 ] } },
{ "type": "Feature", "properties": { "track_fid": 0, "track_seg_id": 0, "track_seg_point_id": 59, "ele": 1221.970000, "time": "2014\/05\/27 04:23:34+00", "magvar": null, "geoidheight": null, "name": null, "cmt": null, "desc": null, "src": null, "link1_href": null, "link1_text": null, "link1_type": null, "link2_href": null, "link2_text": null, "link2_type": null, "sym": null, "type": null, "fix": null, "sat": null, "hdop": null, "vdop": null, "pdop": null, "ageofdgpsdata": null, "dgpsid": null }, "geometry": { "type": "Point", "coordinates": [ 35.250102, -9.050786 ] } },
{ "type": "Feature", "properties": { "track_fid": 0, "track_seg_id": 0, "track_seg_point_id": 60, "ele": 1222.930000, "time": "2014\/05\/27 04:23:47+00", "magvar": null, "geoidheight": null, "name": null, "cmt": null, "desc": null, "src": null, "link1_href": null, "link1_text": null, "link1_type": null, "link2_href": null, "link2_text": null, "link2_type": null, "sym": null, "type": null, "fix": null, "sat": null, "hdop": null, "vdop": null, "pdop": null, "ageofdgpsdata": null, "dgpsid": null }, "geometry": { "type": "Point", "coordinates": [ 35.250087, -9.050763 ] } },
{ "type": "Feature", "properties": { "track_fid": 0, "track_seg_id": 0, "track_seg_point_id": 61, "ele": 1223.900000, "time": "2014\/05\/27 04:24:00+00", "magvar": null, "geoidheight": null, "name": null, "cmt": null, "desc": null, "src": null, "link1_href": null, "link1_text": null, "link1_type": null, "link2_href": null, "link2_text": null, "link2_type": null, "sym": null, "type": null, "fix": null, "sat": null, "hdop": null, "vdop": null, "pdop": null, "ageofdgpsdata": null, "dgpsid": null }, "geometry": { "type": "Point", "coordinates": [ 35.250068, -9.050685 ] } },
{ "type": "Feature", "properties": { "track_fid": 0, "track_seg_id": 0, "track_seg_point_id": 62, "ele": 1224.380000, "time": "2014\/05\/27 04:24:28+00", "magvar": null, "geoidheight": null, "name": null, "cmt": null, "desc": null, "src": null, "link1_href": null, "link1_text": null, "link1_type": null, "link2_href": null, "link2_text": null, "link2_type": null, "sym": null, "type": null, "fix": null, "sat": null, "hdop": null, "vdop": null, "pdop": null, "ageofdgpsdata": null, "dgpsid": null }, "geometry": { "type": "Point", "coordinates": [ 35.250054, -9.050665 ] } },
{ "type": "Feature", "properties": { "track_fid": 0, "track_seg_id": 0, "track_seg_point_id": 63, "ele": 1225.340000, "time": "2014\/05\/27 04:24:40+00", "magvar": null, "geoidheight": null, "name": null, "cmt": null, "desc": null, "src": null, "link1_href": null, "link1_text": null, "link1_type": null, "link2_href": null, "link2_text": null, "link2_type": null, "sym": null, "type": null, "fix": null, "sat": null, "hdop": null, "vdop": null, "pdop": null, "ageofdgpsdata": null, "dgpsid": null }, "geometry": { "type": "Point", "coordinates": [ 35.250035, -9.050661 ] } },
{ "type": "Feature", "properties": { "track_fid": 0, "track_seg_id": 0, "track_seg_point_id": 64, "ele": 1226.780000, "time": "2014\/05\/27 04:24:53+00", "magvar": null, "geoidheight": null, "name": null, "cmt": null, "desc": null, "src": null, "link1_href": null, "link1_text": null, "link1_type": null, "link2_href": null, "link2_text": null, "link2_type": null, "sym": null, "type": null, "fix": null, "sat": null, "hdop": null, "vdop": null, "pdop": null, "ageofdgpsdata": null, "dgpsid": null }, "geometry": { "type": "Point", "coordinates": [ 35.250014, -9.050641 ] } },
{ "type": "Feature", "properties": { "track_fid": 0, "track_seg_id": 0, "track_seg_point_id": 65, "ele": 1226.780000, "time": "2014\/05\/27 04:25:08+00", "magvar": null, "geoidheight": null, "name": null, "cmt": null, "desc": null, "src": null, "link1_href": null, "link1_text": null, "link1_type": null, "link2_href": null, "link2_text": null, "link2_type": null, "sym": null, "type": null, "fix": null, "sat": null, "hdop": null, "vdop": null, "pdop": null, "ageofdgpsdata": null, "dgpsid": null }, "geometry": { "type": "Point", "coordinates": [ 35.250002, -9.050626 ] } },
{ "type": "Feature", "properties": { "track_fid": 0, "track_seg_id": 0, "track_seg_point_id": 66, "ele": 1227.740000, "time": "2014\/05\/27 04:25:20+00", "magvar": null, "geoidheight": null, "name": null, "cmt": null, "desc": null, "src": null, "link1_href": null, "link1_text": null, "link1_type": null, "link2_href": null, "link2_text": null, "link2_type": null, "sym": null, "type": null, "fix": null, "sat": null, "hdop": null, "vdop": null, "pdop": null, "ageofdgpsdata": null, "dgpsid": null }, "geometry": { "type": "Point", "coordinates": [ 35.249977, -9.050597 ] } },
{ "type": "Feature", "properties": { "track_fid": 0, "track_seg_id": 0, "track_seg_point_id": 67, "ele": 1227.260000, "time": "2014\/05\/27 04:25:39+00", "magvar": null, "geoidheight": null, "name": null, "cmt": null, "desc": null, "src": null, "link1_href": null, "link1_text": null, "link1_type": null, "link2_href": null, "link2_text": null, "link2_type": null, "sym": null, "type": null, "fix": null, "sat": null, "hdop": null, "vdop": null, "pdop": null, "ageofdgpsdata": null, "dgpsid": null }, "geometry": { "type": "Point", "coordinates": [ 35.24997, -9.050589 ] } },
{ "type": "Feature", "properties": { "track_fid": 0, "track_seg_id": 0, "track_seg_point_id": 68, "ele": 1227.740000, "time": "2014\/05\/27 04:25:55+00", "magvar": null, "geoidheight": null, "name": null, "cmt": null, "desc": null, "src": null, "link1_href": null, "link1_text": null, "link1_type": null, "link2_href": null, "link2_text": null, "link2_type": null, "sym": null, "type": null, "fix": null, "sat": null, "hdop": null, "vdop": null, "pdop": null, "ageofdgpsdata": null, "dgpsid": null }, "geometry": { "type": "Point", "coordinates": [ 35.249946, -9.050558 ] } },
{ "type": "Feature", "properties": { "track_fid": 0, "track_seg_id": 0, "track_seg_point_id": 69, "ele": 1227.740000, "time": "2014\/05\/27 04:26:10+00", "magvar": null, "geoidheight": null, "name": null, "cmt": null, "desc": null, "src": null, "link1_href": null, "link1_text": null, "link1_type": null, "link2_href": null, "link2_text": null, "link2_type": null, "sym": null, "type": null, "fix": null, "sat": null, "hdop": null, "vdop": null, "pdop": null, "ageofdgpsdata": null, "dgpsid": null }, "geometry": { "type": "Point", "coordinates": [ 35.249942, -9.050552 ] } },
{ "type": "Feature", "properties": { "track_fid": 0, "track_seg_id": 0, "track_seg_point_id": 70, "ele": 1227.740000, "time": "2014\/05\/27 04:26:23+00", "magvar": null, "geoidheight": null, "name": null, "cmt": null, "desc": null, "src": null, "link1_href": null, "link1_text": null, "link1_type": null, "link2_href": null, "link2_text": null, "link2_type": null, "sym": null, "type": null, "fix": null, "sat": null, "hdop": null, "vdop": null, "pdop": null, "ageofdgpsdata": null, "dgpsid": null }, "geometry": { "type": "Point", "coordinates": [ 35.249927, -9.050535 ] } },
{ "type": "Feature", "properties": { "track_fid": 0, "track_seg_id": 0, "track_seg_point_id": 71, "ele": 1227.740000, "time": "2014\/05\/27 04:26:27+00", "magvar": null, "geoidheight": null, "name": null, "cmt": null, "desc": null, "src": null, "link1_href": null, "link1_text": null, "link1_type": null, "link2_href": null, "link2_text": null, "link2_type": null, "sym": null, "type": null, "fix": null, "sat": null, "hdop": null, "vdop": null, "pdop": null, "ageofdgpsdata": null, "dgpsid": null }, "geometry": { "type": "Point", "coordinates": [ 35.249927, -9.050535 ] } },
{ "type": "Feature", "properties": { "track_fid": 0, "track_seg_id": 0, "track_seg_point_id": 72, "ele": 1229.180000, "time": "2014\/05\/27 04:26:40+00", "magvar": null, "geoidheight": null, "name": null, "cmt": null, "desc": null, "src": null, "link1_href": null, "link1_text": null, "link1_type": null, "link2_href": null, "link2_text": null, "link2_type": null, "sym": null, "type": null, "fix": null, "sat": null, "hdop": null, "vdop": null, "pdop": null, "ageofdgpsdata": null, "dgpsid": null }, "geometry": { "type": "Point", "coordinates": [ 35.249901, -9.050525 ] } },
{ "type": "Feature", "properties": { "track_fid": 0, "track_seg_id": 0, "track_seg_point_id": 73, "ele": 1229.660000, "time": "2014\/05\/27 04:26:56+00", "magvar": null, "geoidheight": null, "name": null, "cmt": null, "desc": null, "src": null, "link1_href": null, "link1_text": null, "link1_type": null, "link2_href": null, "link2_text": null, "link2_type": null, "sym": null, "type": null, "fix": null, "sat": null, "hdop": null, "vdop": null, "pdop": null, "ageofdgpsdata": null, "dgpsid": null }, "geometry": { "type": "Point", "coordinates": [ 35.249883, -9.050513 ] } },
{ "type": "Feature", "properties": { "track_fid": 0, "track_seg_id": 0, "track_seg_point_id": 74, "ele": 1230.140000, "time": "2014\/05\/27 04:27:07+00", "magvar": null, "geoidheight": null, "name": null, "cmt": null, "desc": null, "src": null, "link1_href": null, "link1_text": null, "link1_type": null, "link2_href": null, "link2_text": null, "link2_type": null, "sym": null, "type": null, "fix": null, "sat": null, "hdop": null, "vdop": null, "pdop": null, "ageofdgpsdata": null, "dgpsid": null }, "geometry": { "type": "Point", "coordinates": [ 35.249866, -9.050503 ] } },
{ "type": "Feature", "properties": { "track_fid": 0, "track_seg_id": 0, "track_seg_point_id": 75, "ele": 1232.070000, "time": "2014\/05\/27 04:27:20+00", "magvar": null, "geoidheight": null, "name": null, "cmt": null, "desc": null, "src": null, "link1_href": null, "link1_text": null, "link1_type": null, "link2_href": null, "link2_text": null, "link2_type": null, "sym": null, "type": null, "fix": null, "sat": null, "hdop": null, "vdop": null, "pdop": null, "ageofdgpsdata": null, "dgpsid": null }, "geometry": { "type": "Point", "coordinates": [ 35.249822, -9.050475 ] } },
{ "type": "Feature", "properties": { "track_fid": 0, "track_seg_id": 0, "track_seg_point_id": 76, "ele": 1233.510000, "time": "2014\/05\/27 04:27:36+00", "magvar": null, "geoidheight": null, "name": null, "cmt": null, "desc": null, "src": null, "link1_href": null, "link1_text": null, "link1_type": null, "link2_href": null, "link2_text": null, "link2_type": null, "sym": null, "type": null, "fix": null, "sat": null, "hdop": null, "vdop": null, "pdop": null, "ageofdgpsdata": null, "dgpsid": null }, "geometry": { "type": "Point", "coordinates": [ 35.249801, -9.050472 ] } },
{ "type": "Feature", "properties": { "track_fid": 0, "track_seg_id": 0, "track_seg_point_id": 77, "ele": 1235.430000, "time": "2014\/05\/27 04:27:49+00", "magvar": null, "geoidheight": null, "name": null, "cmt": null, "desc": null, "src": null, "link1_href": null, "link1_text": null, "link1_type": null, "link2_href": null, "link2_text": null, "link2_type": null, "sym": null, "type": null, "fix": null, "sat": null, "hdop": null, "vdop": null, "pdop": null, "ageofdgpsdata": null, "dgpsid": null }, "geometry": { "type": "Point", "coordinates": [ 35.249769, -9.050437 ] } },
{ "type": "Feature", "properties": { "track_fid": 0, "track_seg_id": 0, "track_seg_point_id": 78, "ele": 1236.870000, "time": "2014\/05\/27 04:28:02+00", "magvar": null, "geoidheight": null, "name": null, "cmt": null, "desc": null, "src": null, "link1_href": null, "link1_text": null, "link1_type": null, "link2_href": null, "link2_text": null, "link2_type": null, "sym": null, "type": null, "fix": null, "sat": null, "hdop": null, "vdop": null, "pdop": null, "ageofdgpsdata": null, "dgpsid": null }, "geometry": { "type": "Point", "coordinates": [ 35.249745, -9.050408 ] } },
{ "type": "Feature", "properties": { "track_fid": 0, "track_seg_id": 0, "track_seg_point_id": 79, "ele": 1238.320000, "time": "2014\/05\/27 04:28:16+00", "magvar": null, "geoidheight": null, "name": null, "cmt": null, "desc": null, "src": null, "link1_href": null, "link1_text": null, "link1_type": null, "link2_href": null, "link2_text": null, "link2_type": null, "sym": null, "type": null, "fix": null, "sat": null, "hdop": null, "vdop": null, "pdop": null, "ageofdgpsdata": null, "dgpsid": null }, "geometry": { "type": "Point", "coordinates": [ 35.249724, -9.050392 ] } },
{ "type": "Feature", "properties": { "track_fid": 0, "track_seg_id": 0, "track_seg_point_id": 80, "ele": 1239.280000, "time": "2014\/05\/27 04:28:28+00", "magvar": null, "geoidheight": null, "name": null, "cmt": null, "desc": null, "src": null, "link1_href": null, "link1_text": null, "link1_type": null, "link2_href": null, "link2_text": null, "link2_type": null, "sym": null, "type": null, "fix": null, "sat": null, "hdop": null, "vdop": null, "pdop": null, "ageofdgpsdata": null, "dgpsid": null }, "geometry": { "type": "Point", "coordinates": [ 35.249709, -9.05039 ] } },
{ "type": "Feature", "properties": { "track_fid": 0, "track_seg_id": 0, "track_seg_point_id": 81, "ele": 1242.640000, "time": "2014\/05\/27 04:28:40+00", "magvar": null, "geoidheight": null, "name": null, "cmt": null, "desc": null, "src": null, "link1_href": null, "link1_text": null, "link1_type": null, "link2_href": null, "link2_text": null, "link2_type": null, "sym": null, "type": null, "fix": null, "sat": null, "hdop": null, "vdop": null, "pdop": null, "ageofdgpsdata": null, "dgpsid": null }, "geometry": { "type": "Point", "coordinates": [ 35.24968, -9.050356 ] } },
{ "type": "Feature", "properties": { "track_fid": 0, "track_seg_id": 0, "track_seg_point_id": 82, "ele": 1244.080000, "time": "2014\/05\/27 04:28:54+00", "magvar": null, "geoidheight": null, "name": null, "cmt": null, "desc": null, "src": null, "link1_href": null, "link1_text": null, "link1_type": null, "link2_href": null, "link2_text": null, "link2_type": null, "sym": null, "type": null, "fix": null, "sat": null, "hdop": null, "vdop": null, "pdop": null, "ageofdgpsdata": null, "dgpsid": null }, "geometry": { "type": "Point", "coordinates": [ 35.249657, -9.050344 ] } },
{ "type": "Feature", "properties": { "track_fid": 0, "track_seg_id": 0, "track_seg_point_id": 83, "ele": 1245.530000, "time": "2014\/05\/27 04:29:09+00", "magvar": null, "geoidheight": null, "name": null, "cmt": null, "desc": null, "src": null, "link1_href": null, "link1_text": null, "link1_type": null, "link2_href": null, "link2_text": null, "link2_type": null, "sym": null, "type": null, "fix": null, "sat": null, "hdop": null, "vdop": null, "pdop": null, "ageofdgpsdata": null, "dgpsid": null }, "geometry": { "type": "Point", "coordinates": [ 35.249629, -9.050314 ] } },
{ "type": "Feature", "properties": { "track_fid": 0, "track_seg_id": 0, "track_seg_point_id": 84, "ele": 1246.490000, "time": "2014\/05\/27 04:29:20+00", "magvar": null, "geoidheight": null, "name": null, "cmt": null, "desc": null, "src": null, "link1_href": null, "link1_text": null, "link1_type": null, "link2_href": null, "link2_text": null, "link2_type": null, "sym": null, "type": null, "fix": null, "sat": null, "hdop": null, "vdop": null, "pdop": null, "ageofdgpsdata": null, "dgpsid": null }, "geometry": { "type": "Point", "coordinates": [ 35.249609, -9.050294 ] } },
{ "type": "Feature", "properties": { "track_fid": 0, "track_seg_id": 0, "track_seg_point_id": 85, "ele": 1249.370000, "time": "2014\/05\/27 04:29:35+00", "magvar": null, "geoidheight": null, "name": null, "cmt": null, "desc": null, "src": null, "link1_href": null, "link1_text": null, "link1_type": null, "link2_href": null, "link2_text": null, "link2_type": null, "sym": null, "type": null, "fix": null, "sat": null, "hdop": null, "vdop": null, "pdop": null, "ageofdgpsdata": null, "dgpsid": null }, "geometry": { "type": "Point", "coordinates": [ 35.24958, -9.050272 ] } },
{ "type": "Feature", "properties": { "track_fid": 0, "track_seg_id": 0, "track_seg_point_id": 86, "ele": 1252.740000, "time": "2014\/05\/27 04:29:47+00", "magvar": null, "geoidheight": null, "name": null, "cmt": null, "desc": null, "src": null, "link1_href": null, "link1_text": null, "link1_type": null, "link2_href": null, "link2_text": null, "link2_type": null, "sym": null, "type": null, "fix": null, "sat": null, "hdop": null, "vdop": null, "pdop": null, "ageofdgpsdata": null, "dgpsid": null }, "geometry": { "type": "Point", "coordinates": [ 35.249547, -9.050246 ] } },
{ "type": "Feature", "properties": { "track_fid": 0, "track_seg_id": 0, "track_seg_point_id": 87, "ele": 1254.180000, "time": "2014\/05\/27 04:30:01+00", "magvar": null, "geoidheight": null, "name": null, "cmt": null, "desc": null, "src": null, "link1_href": null, "link1_text": null, "link1_type": null, "link2_href": null, "link2_text": null, "link2_type": null, "sym": null, "type": null, "fix": null, "sat": null, "hdop": null, "vdop": null, "pdop": null, "ageofdgpsdata": null, "dgpsid": null }, "geometry": { "type": "Point", "coordinates": [ 35.249537, -9.050228 ] } },
{ "type": "Feature", "properties": { "track_fid": 0, "track_seg_id": 0, "track_seg_point_id": 88, "ele": 1256.100000, "time": "2014\/05\/27 04:30:16+00", "magvar": null, "geoidheight": null, "name": null, "cmt": null, "desc": null, "src": null, "link1_href": null, "link1_text": null, "link1_type": null, "link2_href": null, "link2_text": null, "link2_type": null, "sym": null, "type": null, "fix": null, "sat": null, "hdop": null, "vdop": null, "pdop": null, "ageofdgpsdata": null, "dgpsid": null }, "geometry": { "type": "Point", "coordinates": [ 35.249501, -9.050194 ] } },
{ "type": "Feature", "properties": { "track_fid": 0, "track_seg_id": 0, "track_seg_point_id": 89, "ele": 1257.540000, "time": "2014\/05\/27 04:30:19+00", "magvar": null, "geoidheight": null, "name": null, "cmt": null, "desc": null, "src": null, "link1_href": null, "link1_text": null, "link1_type": null, "link2_href": null, "link2_text": null, "link2_type": null, "sym": null, "type": null, "fix": null, "sat": null, "hdop": null, "vdop": null, "pdop": null, "ageofdgpsdata": null, "dgpsid": null }, "geometry": { "type": "Point", "coordinates": [ 35.249484, -9.050173 ] } },
{ "type": "Feature", "properties": { "track_fid": 0, "track_seg_id": 0, "track_seg_point_id": 90, "ele": 1261.870000, "time": "2014\/05\/27 04:30:32+00", "magvar": null, "geoidheight": null, "name": null, "cmt": null, "desc": null, "src": null, "link1_href": null, "link1_text": null, "link1_type": null, "link2_href": null, "link2_text": null, "link2_type": null, "sym": null, "type": null, "fix": null, "sat": null, "hdop": null, "vdop": null, "pdop": null, "ageofdgpsdata": null, "dgpsid": null }, "geometry": { "type": "Point", "coordinates": [ 35.249425, -9.050132 ] } },
{ "type": "Feature", "properties": { "track_fid": 0, "track_seg_id": 0, "track_seg_point_id": 91, "ele": 1261.390000, "time": "2014\/05\/27 04:30:46+00", "magvar": null, "geoidheight": null, "name": null, "cmt": null, "desc": null, "src": null, "link1_href": null, "link1_text": null, "link1_type": null, "link2_href": null, "link2_text": null, "link2_type": null, "sym": null, "type": null, "fix": null, "sat": null, "hdop": null, "vdop": null, "pdop": null, "ageofdgpsdata": null, "dgpsid": null }, "geometry": { "type": "Point", "coordinates": [ 35.249464, -9.050097 ] } },
{ "type": "Feature", "properties": { "track_fid": 0, "track_seg_id": 0, "track_seg_point_id": 92, "ele": 1260.910000, "time": "2014\/05\/27 04:30:59+00", "magvar": null, "geoidheight": null, "name": null, "cmt": null, "desc": null, "src": null, "link1_href": null, "link1_text": null, "link1_type": null, "link2_href": null, "link2_text": null, "link2_type": null, "sym": null, "type": null, "fix": null, "sat": null, "hdop": null, "vdop": null, "pdop": null, "ageofdgpsdata": null, "dgpsid": null }, "geometry": { "type": "Point", "coordinates": [ 35.249535, -9.050014 ] } },
{ "type": "Feature", "properties": { "track_fid": 0, "track_seg_id": 0, "track_seg_point_id": 93, "ele": 1260.910000, "time": "2014\/05\/27 04:31:03+00", "magvar": null, "geoidheight": null, "name": null, "cmt": null, "desc": null, "src": null, "link1_href": null, "link1_text": null, "link1_type": null, "link2_href": null, "link2_text": null, "link2_type": null, "sym": null, "type": null, "fix": null, "sat": null, "hdop": null, "vdop": null, "pdop": null, "ageofdgpsdata": null, "dgpsid": null }, "geometry": { "type": "Point", "coordinates": [ 35.249551, -9.049989 ] } },
{ "type": "Feature", "properties": { "track_fid": 0, "track_seg_id": 0, "track_seg_point_id": 94, "ele": 1261.390000, "time": "2014\/05\/27 04:31:15+00", "magvar": null, "geoidheight": null, "name": null, "cmt": null, "desc": null, "src": null, "link1_href": null, "link1_text": null, "link1_type": null, "link2_href": null, "link2_text": null, "link2_type": null, "sym": null, "type": null, "fix": null, "sat": null, "hdop": null, "vdop": null, "pdop": null, "ageofdgpsdata": null, "dgpsid": null }, "geometry": { "type": "Point", "coordinates": [ 35.249552, -9.0499 ] } },
{ "type": "Feature", "properties": { "track_fid": 0, "track_seg_id": 0, "track_seg_point_id": 95, "ele": 1262.830000, "time": "2014\/05\/27 04:31:30+00", "magvar": null, "geoidheight": null, "name": null, "cmt": null, "desc": null, "src": null, "link1_href": null, "link1_text": null, "link1_type": null, "link2_href": null, "link2_text": null, "link2_type": null, "sym": null, "type": null, "fix": null, "sat": null, "hdop": null, "vdop": null, "pdop": null, "ageofdgpsdata": null, "dgpsid": null }, "geometry": { "type": "Point", "coordinates": [ 35.249517, -9.049798 ] } },
{ "type": "Feature", "properties": { "track_fid": 0, "track_seg_id": 0, "track_seg_point_id": 96, "ele": 1262.830000, "time": "2014\/05\/27 04:31:44+00", "magvar": null, "geoidheight": null, "name": null, "cmt": null, "desc": null, "src": null, "link1_href": null, "link1_text": null, "link1_type": null, "link2_href": null, "link2_text": null, "link2_type": null, "sym": null, "type": null, "fix": null, "sat": null, "hdop": null, "vdop": null, "pdop": null, "ageofdgpsdata": null, "dgpsid": null }, "geometry": { "type": "Point", "coordinates": [ 35.2495, -9.049705 ] } },
{ "type": "Feature", "properties": { "track_fid": 0, "track_seg_id": 0, "track_seg_point_id": 97, "ele": 1262.350000, "time": "2014\/05\/27 04:31:47+00", "magvar": null, "geoidheight": null, "name": null, "cmt": null, "desc": null, "src": null, "link1_href": null, "link1_text": null, "link1_type": null, "link2_href": null, "link2_text": null, "link2_type": null, "sym": null, "type": null, "fix": null, "sat": null, "hdop": null, "vdop": null, "pdop": null, "ageofdgpsdata": null, "dgpsid": null }, "geometry": { "type": "Point", "coordinates": [ 35.249497, -9.049685 ] } },
{ "type": "Feature", "properties": { "track_fid": 0, "track_seg_id": 0, "track_seg_point_id": 98, "ele": 1262.350000, "time": "2014\/05\/27 04:31:57+00", "magvar": null, "geoidheight": null, "name": null, "cmt": null, "desc": null, "src": null, "link1_href": null, "link1_text": null, "link1_type": null, "link2_href": null, "link2_text": null, "link2_type": null, "sym": null, "type": null, "fix": null, "sat": null, "hdop": null, "vdop": null, "pdop": null, "ageofdgpsdata": null, "dgpsid": null }, "geometry": { "type": "Point", "coordinates": [ 35.249455, -9.049592 ] } },
{ "type": "Feature", "properties": { "track_fid": 0, "track_seg_id": 0, "track_seg_point_id": 99, "ele": 1261.390000, "time": "2014\/05\/27 04:32:12+00", "magvar": null, "geoidheight": null, "name": null, "cmt": null, "desc": null, "src": null, "link1_href": null, "link1_text": null, "link1_type": null, "link2_href": null, "link2_text": null, "link2_type": null, "sym": null, "type": null, "fix": null, "sat": null, "hdop": null, "vdop": null, "pdop": null, "ageofdgpsdata": null, "dgpsid": null }, "geometry": { "type": "Point", "coordinates": [ 35.249464, -9.049528 ] } },
{ "type": "Feature", "properties": { "track_fid": 0, "track_seg_id": 0, "track_seg_point_id": 100, "ele": 1260.910000, "time": "2014\/05\/27 04:32:22+00", "magvar": null, "geoidheight": null, "name": null, "cmt": null, "desc": null, "src": null, "link1_href": null, "link1_text": null, "link1_type": null, "link2_href": null, "link2_text": null, "link2_type": null, "sym": null, "type": null, "fix": null, "sat": null, "hdop": null, "vdop": null, "pdop": null, "ageofdgpsdata": null, "dgpsid": null }, "geometry": { "type": "Point", "coordinates": [ 35.249486, -9.049475 ] } },
{ "type": "Feature", "properties": { "track_fid": 0, "track_seg_id": 0, "track_seg_point_id": 101, "ele": 1259.940000, "time": "2014\/05\/27 04:32:32+00", "magvar": null, "geoidheight": null, "name": null, "cmt": null, "desc": null, "src": null, "link1_href": null, "link1_text": null, "link1_type": null, "link2_href": null, "link2_text": null, "link2_type": null, "sym": null, "type": null, "fix": null, "sat": null, "hdop": null, "vdop": null, "pdop": null, "ageofdgpsdata": null, "dgpsid": null }, "geometry": { "type": "Point", "coordinates": [ 35.24955, -9.049445 ] } },
{ "type": "Feature", "properties": { "track_fid": 0, "track_seg_id": 0, "track_seg_point_id": 102, "ele": 1259.940000, "time": "2014\/05\/27 04:32:46+00", "magvar": null, "geoidheight": null, "name": null, "cmt": null, "desc": null, "src": null, "link1_href": null, "link1_text": null, "link1_type": null, "link2_href": null, "link2_text": null, "link2_type": null, "sym": null, "type": null, "fix": null, "sat": null, "hdop": null, "vdop": null, "pdop": null, "ageofdgpsdata": null, "dgpsid": null }, "geometry": { "type": "Point", "coordinates": [ 35.249607, -9.049431 ] } },
{ "type": "Feature", "properties": { "track_fid": 0, "track_seg_id": 0, "track_seg_point_id": 103, "ele": 1259.940000, "time": "2014\/05\/27 04:33:16+00", "magvar": null, "geoidheight": null, "name": null, "cmt": null, "desc": null, "src": null, "link1_href": null, "link1_text": null, "link1_type": null, "link2_href": null, "link2_text": null, "link2_type": null, "sym": null, "type": null, "fix": null, "sat": null, "hdop": null, "vdop": null, "pdop": null, "ageofdgpsdata": null, "dgpsid": null }, "geometry": { "type": "Point", "coordinates": [ 35.249607, -9.049431 ] } },
{ "type": "Feature", "properties": { "track_fid": 0, "track_seg_id": 0, "track_seg_point_id": 104, "ele": 1259.940000, "time": "2014\/05\/27 04:33:40+00", "magvar": null, "geoidheight": null, "name": null, "cmt": null, "desc": null, "src": null, "link1_href": null, "link1_text": null, "link1_type": null, "link2_href": null, "link2_text": null, "link2_type": null, "sym": null, "type": null, "fix": null, "sat": null, "hdop": null, "vdop": null, "pdop": null, "ageofdgpsdata": null, "dgpsid": null }, "geometry": { "type": "Point", "coordinates": [ 35.249606, -9.049432 ] } },
{ "type": "Feature", "properties": { "track_fid": 0, "track_seg_id": 0, "track_seg_point_id": 105, "ele": 1260.910000, "time": "2014\/05\/27 04:34:16+00", "magvar": null, "geoidheight": null, "name": null, "cmt": null, "desc": null, "src": null, "link1_href": null, "link1_text": null, "link1_type": null, "link2_href": null, "link2_text": null, "link2_type": null, "sym": null, "type": null, "fix": null, "sat": null, "hdop": null, "vdop": null, "pdop": null, "ageofdgpsdata": null, "dgpsid": null }, "geometry": { "type": "Point", "coordinates": [ 35.249567, -9.049443 ] } },
{ "type": "Feature", "properties": { "track_fid": 0, "track_seg_id": 0, "track_seg_point_id": 106, "ele": 1261.390000, "time": "2014\/05\/27 04:34:30+00", "magvar": null, "geoidheight": null, "name": null, "cmt": null, "desc": null, "src": null, "link1_href": null, "link1_text": null, "link1_type": null, "link2_href": null, "link2_text": null, "link2_type": null, "sym": null, "type": null, "fix": null, "sat": null, "hdop": null, "vdop": null, "pdop": null, "ageofdgpsdata": null, "dgpsid": null }, "geometry": { "type": "Point", "coordinates": [ 35.249475, -9.049439 ] } },
{ "type": "Feature", "properties": { "track_fid": 0, "track_seg_id": 0, "track_seg_point_id": 107, "ele": 1258.980000, "time": "2014\/05\/27 04:34:43+00", "magvar": null, "geoidheight": null, "name": null, "cmt": null, "desc": null, "src": null, "link1_href": null, "link1_text": null, "link1_type": null, "link2_href": null, "link2_text": null, "link2_type": null, "sym": null, "type": null, "fix": null, "sat": null, "hdop": null, "vdop": null, "pdop": null, "ageofdgpsdata": null, "dgpsid": null }, "geometry": { "type": "Point", "coordinates": [ 35.249473, -9.049339 ] } },
{ "type": "Feature", "properties": { "track_fid": 0, "track_seg_id": 0, "track_seg_point_id": 108, "ele": 1256.580000, "time": "2014\/05\/27 04:34:58+00", "magvar": null, "geoidheight": null, "name": null, "cmt": null, "desc": null, "src": null, "link1_href": null, "link1_text": null, "link1_type": null, "link2_href": null, "link2_text": null, "link2_type": null, "sym": null, "type": null, "fix": null, "sat": null, "hdop": null, "vdop": null, "pdop": null, "ageofdgpsdata": null, "dgpsid": null }, "geometry": { "type": "Point", "coordinates": [ 35.249468, -9.049282 ] } },
{ "type": "Feature", "properties": { "track_fid": 0, "track_seg_id": 0, "track_seg_point_id": 109, "ele": 1255.620000, "time": "2014\/05\/27 04:35:13+00", "magvar": null, "geoidheight": null, "name": null, "cmt": null, "desc": null, "src": null, "link1_href": null, "link1_text": null, "link1_type": null, "link2_href": null, "link2_text": null, "link2_type": null, "sym": null, "type": null, "fix": null, "sat": null, "hdop": null, "vdop": null, "pdop": null, "ageofdgpsdata": null, "dgpsid": null }, "geometry": { "type": "Point", "coordinates": [ 35.249502, -9.049253 ] } },
{ "type": "Feature", "properties": { "track_fid": 0, "track_seg_id": 0, "track_seg_point_id": 110, "ele": 1256.100000, "time": "2014\/05\/27 04:35:17+00", "magvar": null, "geoidheight": null, "name": null, "cmt": null, "desc": null, "src": null, "link1_href": null, "link1_text": null, "link1_type": null, "link2_href": null, "link2_text": null, "link2_type": null, "sym": null, "type": null, "fix": null, "sat": null, "hdop": null, "vdop": null, "pdop": null, "ageofdgpsdata": null, "dgpsid": null }, "geometry": { "type": "Point", "coordinates": [ 35.249532, -9.049244 ] } },
{ "type": "Feature", "properties": { "track_fid": 0, "track_seg_id": 0, "track_seg_point_id": 111, "ele": 1256.580000, "time": "2014\/05\/27 04:35:25+00", "magvar": null, "geoidheight": null, "name": null, "cmt": null, "desc": null, "src": null, "link1_href": null, "link1_text": null, "link1_type": null, "link2_href": null, "link2_text": null, "link2_type": null, "sym": null, "type": null, "fix": null, "sat": null, "hdop": null, "vdop": null, "pdop": null, "ageofdgpsdata": null, "dgpsid": null }, "geometry": { "type": "Point", "coordinates": [ 35.249591, -9.049223 ] } },
{ "type": "Feature", "properties": { "track_fid": 0, "track_seg_id": 0, "track_seg_point_id": 112, "ele": 1256.100000, "time": "2014\/05\/27 04:35:38+00", "magvar": null, "geoidheight": null, "name": null, "cmt": null, "desc": null, "src": null, "link1_href": null, "link1_text": null, "link1_type": null, "link2_href": null, "link2_text": null, "link2_type": null, "sym": null, "type": null, "fix": null, "sat": null, "hdop": null, "vdop": null, "pdop": null, "ageofdgpsdata": null, "dgpsid": null }, "geometry": { "type": "Point", "coordinates": [ 35.249698, -9.04921 ] } },
{ "type": "Feature", "properties": { "track_fid": 0, "track_seg_id": 0, "track_seg_point_id": 113, "ele": 1255.620000, "time": "2014\/05\/27 04:35:51+00", "magvar": null, "geoidheight": null, "name": null, "cmt": null, "desc": null, "src": null, "link1_href": null, "link1_text": null, "link1_type": null, "link2_href": null, "link2_text": null, "link2_type": null, "sym": null, "type": null, "fix": null, "sat": null, "hdop": null, "vdop": null, "pdop": null, "ageofdgpsdata": null, "dgpsid": null }, "geometry": { "type": "Point", "coordinates": [ 35.249797, -9.049194 ] } },
{ "type": "Feature", "properties": { "track_fid": 0, "track_seg_id": 0, "track_seg_point_id": 114, "ele": 1255.140000, "time": "2014\/05\/27 04:36:04+00", "magvar": null, "geoidheight": null, "name": null, "cmt": null, "desc": null, "src": null, "link1_href": null, "link1_text": null, "link1_type": null, "link2_href": null, "link2_text": null, "link2_type": null, "sym": null, "type": null, "fix": null, "sat": null, "hdop": null, "vdop": null, "pdop": null, "ageofdgpsdata": null, "dgpsid": null }, "geometry": { "type": "Point", "coordinates": [ 35.249915, -9.049186 ] } },
{ "type": "Feature", "properties": { "track_fid": 0, "track_seg_id": 0, "track_seg_point_id": 115, "ele": 1254.660000, "time": "2014\/05\/27 04:36:16+00", "magvar": null, "geoidheight": null, "name": null, "cmt": null, "desc": null, "src": null, "link1_href": null, "link1_text": null, "link1_type": null, "link2_href": null, "link2_text": null, "link2_type": null, "sym": null, "type": null, "fix": null, "sat": null, "hdop": null, "vdop": null, "pdop": null, "ageofdgpsdata": null, "dgpsid": null }, "geometry": { "type": "Point", "coordinates": [ 35.250007, -9.049174 ] } },
{ "type": "Feature", "properties": { "track_fid": 0, "track_seg_id": 0, "track_seg_point_id": 116, "ele": 1254.180000, "time": "2014\/05\/27 04:36:27+00", "magvar": null, "geoidheight": null, "name": null, "cmt": null, "desc": null, "src": null, "link1_href": null, "link1_text": null, "link1_type": null, "link2_href": null, "link2_text": null, "link2_type": null, "sym": null, "type": null, "fix": null, "sat": null, "hdop": null, "vdop": null, "pdop": null, "ageofdgpsdata": null, "dgpsid": null }, "geometry": { "type": "Point", "coordinates": [ 35.250081, -9.049166 ] } },
{ "type": "Feature", "properties": { "track_fid": 0, "track_seg_id": 0, "track_seg_point_id": 117, "ele": 1253.220000, "time": "2014\/05\/27 04:36:40+00", "magvar": null, "geoidheight": null, "name": null, "cmt": null, "desc": null, "src": null, "link1_href": null, "link1_text": null, "link1_type": null, "link2_href": null, "link2_text": null, "link2_type": null, "sym": null, "type": null, "fix": null, "sat": null, "hdop": null, "vdop": null, "pdop": null, "ageofdgpsdata": null, "dgpsid": null }, "geometry": { "type": "Point", "coordinates": [ 35.250176, -9.049152 ] } },
{ "type": "Feature", "properties": { "track_fid": 0, "track_seg_id": 0, "track_seg_point_id": 118, "ele": 1252.740000, "time": "2014\/05\/27 04:36:52+00", "magvar": null, "geoidheight": null, "name": null, "cmt": null, "desc": null, "src": null, "link1_href": null, "link1_text": null, "link1_type": null, "link2_href": null, "link2_text": null, "link2_type": null, "sym": null, "type": null, "fix": null, "sat": null, "hdop": null, "vdop": null, "pdop": null, "ageofdgpsdata": null, "dgpsid": null }, "geometry": { "type": "Point", "coordinates": [ 35.250245, -9.049144 ] } },
{ "type": "Feature", "properties": { "track_fid": 0, "track_seg_id": 0, "track_seg_point_id": 119, "ele": 1252.740000, "time": "2014\/05\/27 04:36:57+00", "magvar": null, "geoidheight": null, "name": null, "cmt": null, "desc": null, "src": null, "link1_href": null, "link1_text": null, "link1_type": null, "link2_href": null, "link2_text": null, "link2_type": null, "sym": null, "type": null, "fix": null, "sat": null, "hdop": null, "vdop": null, "pdop": null, "ageofdgpsdata": null, "dgpsid": null }, "geometry": { "type": "Point", "coordinates": [ 35.250296, -9.049147 ] } },
{ "type": "Feature", "properties": { "track_fid": 0, "track_seg_id": 0, "track_seg_point_id": 120, "ele": 1252.740000, "time": "2014\/05\/27 04:37:11+00", "magvar": null, "geoidheight": null, "name": null, "cmt": null, "desc": null, "src": null, "link1_href": null, "link1_text": null, "link1_type": null, "link2_href": null, "link2_text": null, "link2_type": null, "sym": null, "type": null, "fix": null, "sat": null, "hdop": null, "vdop": null, "pdop": null, "ageofdgpsdata": null, "dgpsid": null }, "geometry": { "type": "Point", "coordinates": [ 35.250399, -9.04915 ] } },
{ "type": "Feature", "properties": { "track_fid": 0, "track_seg_id": 0, "track_seg_point_id": 121, "ele": 1251.770000, "time": "2014\/05\/27 04:37:24+00", "magvar": null, "geoidheight": null, "name": null, "cmt": null, "desc": null, "src": null, "link1_href": null, "link1_text": null, "link1_type": null, "link2_href": null, "link2_text": null, "link2_type": null, "sym": null, "type": null, "fix": null, "sat": null, "hdop": null, "vdop": null, "pdop": null, "ageofdgpsdata": null, "dgpsid": null }, "geometry": { "type": "Point", "coordinates": [ 35.250486, -9.049142 ] } },
{ "type": "Feature", "properties": { "track_fid": 0, "track_seg_id": 0, "track_seg_point_id": 122, "ele": 1251.290000, "time": "2014\/05\/27 04:37:36+00", "magvar": null, "geoidheight": null, "name": null, "cmt": null, "desc": null, "src": null, "link1_href": null, "link1_text": null, "link1_type": null, "link2_href": null, "link2_text": null, "link2_type": null, "sym": null, "type": null, "fix": null, "sat": null, "hdop": null, "vdop": null, "pdop": null, "ageofdgpsdata": null, "dgpsid": null }, "geometry": { "type": "Point", "coordinates": [ 35.250565, -9.049144 ] } },
{ "type": "Feature", "properties": { "track_fid": 0, "track_seg_id": 0, "track_seg_point_id": 123, "ele": 1250.330000, "time": "2014\/05\/27 04:37:47+00", "magvar": null, "geoidheight": null, "name": null, "cmt": null, "desc": null, "src": null, "link1_href": null, "link1_text": null, "link1_type": null, "link2_href": null, "link2_text": null, "link2_type": null, "sym": null, "type": null, "fix": null, "sat": null, "hdop": null, "vdop": null, "pdop": null, "ageofdgpsdata": null, "dgpsid": null }, "geometry": { "type": "Point", "coordinates": [ 35.250607, -9.049143 ] } },
{ "type": "Feature", "properties": { "track_fid": 0, "track_seg_id": 0, "track_seg_point_id": 124, "ele": 1250.330000, "time": "2014\/05\/27 04:37:51+00", "magvar": null, "geoidheight": null, "name": null, "cmt": null, "desc": null, "src": null, "link1_href": null, "link1_text": null, "link1_type": null, "link2_href": null, "link2_text": null, "link2_type": null, "sym": null, "type": null, "fix": null, "sat": null, "hdop": null, "vdop": null, "pdop": null, "ageofdgpsdata": null, "dgpsid": null }, "geometry": { "type": "Point", "coordinates": [ 35.25063, -9.04914 ] } },
{ "type": "Feature", "properties": { "track_fid": 0, "track_seg_id": 0, "track_seg_point_id": 125, "ele": 1249.850000, "time": "2014\/05\/27 04:38:05+00", "magvar": null, "geoidheight": null, "name": null, "cmt": null, "desc": null, "src": null, "link1_href": null, "link1_text": null, "link1_type": null, "link2_href": null, "link2_text": null, "link2_type": null, "sym": null, "type": null, "fix": null, "sat": null, "hdop": null, "vdop": null, "pdop": null, "ageofdgpsdata": null, "dgpsid": null }, "geometry": { "type": "Point", "coordinates": [ 35.250697, -9.049134 ] } },
{ "type": "Feature", "properties": { "track_fid": 0, "track_seg_id": 0, "track_seg_point_id": 126, "ele": 1249.850000, "time": "2014\/05\/27 04:38:19+00", "magvar": null, "geoidheight": null, "name": null, "cmt": null, "desc": null, "src": null, "link1_href": null, "link1_text": null, "link1_type": null, "link2_href": null, "link2_text": null, "link2_type": null, "sym": null, "type": null, "fix": null, "sat": null, "hdop": null, "vdop": null, "pdop": null, "ageofdgpsdata": null, "dgpsid": null }, "geometry": { "type": "Point", "coordinates": [ 35.250796, -9.049145 ] } },
{ "type": "Feature", "properties": { "track_fid": 0, "track_seg_id": 0, "track_seg_point_id": 127, "ele": 1249.850000, "time": "2014\/05\/27 04:38:31+00", "magvar": null, "geoidheight": null, "name": null, "cmt": null, "desc": null, "src": null, "link1_href": null, "link1_text": null, "link1_type": null, "link2_href": null, "link2_text": null, "link2_type": null, "sym": null, "type": null, "fix": null, "sat": null, "hdop": null, "vdop": null, "pdop": null, "ageofdgpsdata": null, "dgpsid": null }, "geometry": { "type": "Point", "coordinates": [ 35.250857, -9.049142 ] } },
{ "type": "Feature", "properties": { "track_fid": 0, "track_seg_id": 0, "track_seg_point_id": 128, "ele": 1248.890000, "time": "2014\/05\/27 04:38:44+00", "magvar": null, "geoidheight": null, "name": null, "cmt": null, "desc": null, "src": null, "link1_href": null, "link1_text": null, "link1_type": null, "link2_href": null, "link2_text": null, "link2_type": null, "sym": null, "type": null, "fix": null, "sat": null, "hdop": null, "vdop": null, "pdop": null, "ageofdgpsdata": null, "dgpsid": null }, "geometry": { "type": "Point", "coordinates": [ 35.250955, -9.049154 ] } },
{ "type": "Feature", "properties": { "track_fid": 0, "track_seg_id": 0, "track_seg_point_id": 129, "ele": 1249.370000, "time": "2014\/05\/27 04:38:56+00", "magvar": null, "geoidheight": null, "name": null, "cmt": null, "desc": null, "src": null, "link1_href": null, "link1_text": null, "link1_type": null, "link2_href": null, "link2_text": null, "link2_type": null, "sym": null, "type": null, "fix": null, "sat": null, "hdop": null, "vdop": null, "pdop": null, "ageofdgpsdata": null, "dgpsid": null }, "geometry": { "type": "Point", "coordinates": [ 35.251048, -9.049174 ] } },
{ "type": "Feature", "properties": { "track_fid": 0, "track_seg_id": 0, "track_seg_point_id": 130, "ele": 1247.450000, "time": "2014\/05\/27 04:39:08+00", "magvar": null, "geoidheight": null, "name": null, "cmt": null, "desc": null, "src": null, "link1_href": null, "link1_text": null, "link1_type": null, "link2_href": null, "link2_text": null, "link2_type": null, "sym": null, "type": null, "fix": null, "sat": null, "hdop": null, "vdop": null, "pdop": null, "ageofdgpsdata": null, "dgpsid": null }, "geometry": { "type": "Point", "coordinates": [ 35.251128, -9.049181 ] } },
{ "type": "Feature", "properties": { "track_fid": 0, "track_seg_id": 0, "track_seg_point_id": 131, "ele": 1246.490000, "time": "2014\/05\/27 04:39:22+00", "magvar": null, "geoidheight": null, "name": null, "cmt": null, "desc": null, "src": null, "link1_href": null, "link1_text": null, "link1_type": null, "link2_href": null, "link2_text": null, "link2_type": null, "sym": null, "type": null, "fix": null, "sat": null, "hdop": null, "vdop": null, "pdop": null, "ageofdgpsdata": null, "dgpsid": null }, "geometry": { "type": "Point", "coordinates": [ 35.251187, -9.049183 ] } },
{ "type": "Feature", "properties": { "track_fid": 0, "track_seg_id": 0, "track_seg_point_id": 132, "ele": 1245.040000, "time": "2014\/05\/27 04:39:35+00", "magvar": null, "geoidheight": null, "name": null, "cmt": null, "desc": null, "src": null, "link1_href": null, "link1_text": null, "link1_type": null, "link2_href": null, "link2_text": null, "link2_type": null, "sym": null, "type": null, "fix": null, "sat": null, "hdop": null, "vdop": null, "pdop": null, "ageofdgpsdata": null, "dgpsid": null }, "geometry": { "type": "Point", "coordinates": [ 35.25126, -9.049186 ] } },
{ "type": "Feature", "properties": { "track_fid": 0, "track_seg_id": 0, "track_seg_point_id": 133, "ele": 1244.560000, "time": "2014\/05\/27 04:39:46+00", "magvar": null, "geoidheight": null, "name": null, "cmt": null, "desc": null, "src": null, "link1_href": null, "link1_text": null, "link1_type": null, "link2_href": null, "link2_text": null, "link2_type": null, "sym": null, "type": null, "fix": null, "sat": null, "hdop": null, "vdop": null, "pdop": null, "ageofdgpsdata": null, "dgpsid": null }, "geometry": { "type": "Point", "coordinates": [ 35.25131, -9.049164 ] } },
{ "type": "Feature", "properties": { "track_fid": 0, "track_seg_id": 0, "track_seg_point_id": 134, "ele": 1244.560000, "time": "2014\/05\/27 04:39:58+00", "magvar": null, "geoidheight": null, "name": null, "cmt": null, "desc": null, "src": null, "link1_href": null, "link1_text": null, "link1_type": null, "link2_href": null, "link2_text": null, "link2_type": null, "sym": null, "type": null, "fix": null, "sat": null, "hdop": null, "vdop": null, "pdop": null, "ageofdgpsdata": null, "dgpsid": null }, "geometry": { "type": "Point", "coordinates": [ 35.251373, -9.049165 ] } },
{ "type": "Feature", "properties": { "track_fid": 0, "track_seg_id": 0, "track_seg_point_id": 135, "ele": 1243.600000, "time": "2014\/05\/27 04:40:11+00", "magvar": null, "geoidheight": null, "name": null, "cmt": null, "desc": null, "src": null, "link1_href": null, "link1_text": null, "link1_type": null, "link2_href": null, "link2_text": null, "link2_type": null, "sym": null, "type": null, "fix": null, "sat": null, "hdop": null, "vdop": null, "pdop": null, "ageofdgpsdata": null, "dgpsid": null }, "geometry": { "type": "Point", "coordinates": [ 35.251429, -9.049166 ] } },
{ "type": "Feature", "properties": { "track_fid": 0, "track_seg_id": 0, "track_seg_point_id": 136, "ele": 1244.560000, "time": "2014\/05\/27 04:40:26+00", "magvar": null, "geoidheight": null, "name": null, "cmt": null, "desc": null, "src": null, "link1_href": null, "link1_text": null, "link1_type": null, "link2_href": null, "link2_text": null, "link2_type": null, "sym": null, "type": null, "fix": null, "sat": null, "hdop": null, "vdop": null, "pdop": null, "ageofdgpsdata": null, "dgpsid": null }, "geometry": { "type": "Point", "coordinates": [ 35.251465, -9.049171 ] } },
{ "type": "Feature", "properties": { "track_fid": 0, "track_seg_id": 0, "track_seg_point_id": 137, "ele": 1244.560000, "time": "2014\/05\/27 04:40:38+00", "magvar": null, "geoidheight": null, "name": null, "cmt": null, "desc": null, "src": null, "link1_href": null, "link1_text": null, "link1_type": null, "link2_href": null, "link2_text": null, "link2_type": null, "sym": null, "type": null, "fix": null, "sat": null, "hdop": null, "vdop": null, "pdop": null, "ageofdgpsdata": null, "dgpsid": null }, "geometry": { "type": "Point", "coordinates": [ 35.251514, -9.0492 ] } },
{ "type": "Feature", "properties": { "track_fid": 0, "track_seg_id": 0, "track_seg_point_id": 138, "ele": 1246.010000, "time": "2014\/05\/27 04:40:51+00", "magvar": null, "geoidheight": null, "name": null, "cmt": null, "desc": null, "src": null, "link1_href": null, "link1_text": null, "link1_type": null, "link2_href": null, "link2_text": null, "link2_type": null, "sym": null, "type": null, "fix": null, "sat": null, "hdop": null, "vdop": null, "pdop": null, "ageofdgpsdata": null, "dgpsid": null }, "geometry": { "type": "Point", "coordinates": [ 35.251556, -9.049205 ] } },
{ "type": "Feature", "properties": { "track_fid": 0, "track_seg_id": 0, "track_seg_point_id": 139, "ele": 1245.530000, "time": "2014\/05\/27 04:41:06+00", "magvar": null, "geoidheight": null, "name": null, "cmt": null, "desc": null, "src": null, "link1_href": null, "link1_text": null, "link1_type": null, "link2_href": null, "link2_text": null, "link2_type": null, "sym": null, "type": null, "fix": null, "sat": null, "hdop": null, "vdop": null, "pdop": null, "ageofdgpsdata": null, "dgpsid": null }, "geometry": { "type": "Point", "coordinates": [ 35.25158, -9.049211 ] } },
{ "type": "Feature", "properties": { "track_fid": 0, "track_seg_id": 0, "track_seg_point_id": 140, "ele": 1245.040000, "time": "2014\/05\/27 04:41:22+00", "magvar": null, "geoidheight": null, "name": null, "cmt": null, "desc": null, "src": null, "link1_href": null, "link1_text": null, "link1_type": null, "link2_href": null, "link2_text": null, "link2_type": null, "sym": null, "type": null, "fix": null, "sat": null, "hdop": null, "vdop": null, "pdop": null, "ageofdgpsdata": null, "dgpsid": null }, "geometry": { "type": "Point", "coordinates": [ 35.251639, -9.049225 ] } },
{ "type": "Feature", "properties": { "track_fid": 0, "track_seg_id": 0, "track_seg_point_id": 141, "ele": 1244.560000, "time": "2014\/05\/27 04:41:36+00", "magvar": null, "geoidheight": null, "name": null, "cmt": null, "desc": null, "src": null, "link1_href": null, "link1_text": null, "link1_type": null, "link2_href": null, "link2_text": null, "link2_type": null, "sym": null, "type": null, "fix": null, "sat": null, "hdop": null, "vdop": null, "pdop": null, "ageofdgpsdata": null, "dgpsid": null }, "geometry": { "type": "Point", "coordinates": [ 35.251686, -9.04922 ] } },
{ "type": "Feature", "properties": { "track_fid": 0, "track_seg_id": 0, "track_seg_point_id": 142, "ele": 1244.080000, "time": "2014\/05\/27 04:41:48+00", "magvar": null, "geoidheight": null, "name": null, "cmt": null, "desc": null, "src": null, "link1_href": null, "link1_text": null, "link1_type": null, "link2_href": null, "link2_text": null, "link2_type": null, "sym": null, "type": null, "fix": null, "sat": null, "hdop": null, "vdop": null, "pdop": null, "ageofdgpsdata": null, "dgpsid": null }, "geometry": { "type": "Point", "coordinates": [ 35.251715, -9.049225 ] } },
{ "type": "Feature", "properties": { "track_fid": 0, "track_seg_id": 0, "track_seg_point_id": 143, "ele": 1243.600000, "time": "2014\/05\/27 04:42:02+00", "magvar": null, "geoidheight": null, "name": null, "cmt": null, "desc": null, "src": null, "link1_href": null, "link1_text": null, "link1_type": null, "link2_href": null, "link2_text": null, "link2_type": null, "sym": null, "type": null, "fix": null, "sat": null, "hdop": null, "vdop": null, "pdop": null, "ageofdgpsdata": null, "dgpsid": null }, "geometry": { "type": "Point", "coordinates": [ 35.251731, -9.049224 ] } },
{ "type": "Feature", "properties": { "track_fid": 0, "track_seg_id": 0, "track_seg_point_id": 144, "ele": 1243.600000, "time": "2014\/05\/27 04:42:18+00", "magvar": null, "geoidheight": null, "name": null, "cmt": null, "desc": null, "src": null, "link1_href": null, "link1_text": null, "link1_type": null, "link2_href": null, "link2_text": null, "link2_type": null, "sym": null, "type": null, "fix": null, "sat": null, "hdop": null, "vdop": null, "pdop": null, "ageofdgpsdata": null, "dgpsid": null }, "geometry": { "type": "Point", "coordinates": [ 35.251761, -9.04923 ] } },
{ "type": "Feature", "properties": { "track_fid": 0, "track_seg_id": 0, "track_seg_point_id": 145, "ele": 1244.080000, "time": "2014\/05\/27 04:42:34+00", "magvar": null, "geoidheight": null, "name": null, "cmt": null, "desc": null, "src": null, "link1_href": null, "link1_text": null, "link1_type": null, "link2_href": null, "link2_text": null, "link2_type": null, "sym": null, "type": null, "fix": null, "sat": null, "hdop": null, "vdop": null, "pdop": null, "ageofdgpsdata": null, "dgpsid": null }, "geometry": { "type": "Point", "coordinates": [ 35.251785, -9.049234 ] } },
{ "type": "Feature", "properties": { "track_fid": 0, "track_seg_id": 0, "track_seg_point_id": 146, "ele": 1244.560000, "time": "2014\/05\/27 04:42:51+00", "magvar": null, "geoidheight": null, "name": null, "cmt": null, "desc": null, "src": null, "link1_href": null, "link1_text": null, "link1_type": null, "link2_href": null, "link2_text": null, "link2_type": null, "sym": null, "type": null, "fix": null, "sat": null, "hdop": null, "vdop": null, "pdop": null, "ageofdgpsdata": null, "dgpsid": null }, "geometry": { "type": "Point", "coordinates": [ 35.251824, -9.049247 ] } },
{ "type": "Feature", "properties": { "track_fid": 0, "track_seg_id": 0, "track_seg_point_id": 147, "ele": 1244.080000, "time": "2014\/05\/27 04:43:05+00", "magvar": null, "geoidheight": null, "name": null, "cmt": null, "desc": null, "src": null, "link1_href": null, "link1_text": null, "link1_type": null, "link2_href": null, "link2_text": null, "link2_type": null, "sym": null, "type": null, "fix": null, "sat": null, "hdop": null, "vdop": null, "pdop": null, "ageofdgpsdata": null, "dgpsid": null }, "geometry": { "type": "Point", "coordinates": [ 35.251859, -9.049251 ] } },
{ "type": "Feature", "properties": { "track_fid": 0, "track_seg_id": 0, "track_seg_point_id": 148, "ele": 1243.120000, "time": "2014\/05\/27 04:43:18+00", "magvar": null, "geoidheight": null, "name": null, "cmt": null, "desc": null, "src": null, "link1_href": null, "link1_text": null, "link1_type": null, "link2_href": null, "link2_text": null, "link2_type": null, "sym": null, "type": null, "fix": null, "sat": null, "hdop": null, "vdop": null, "pdop": null, "ageofdgpsdata": null, "dgpsid": null }, "geometry": { "type": "Point", "coordinates": [ 35.251897, -9.04925 ] } },
{ "type": "Feature", "properties": { "track_fid": 0, "track_seg_id": 0, "track_seg_point_id": 149, "ele": 1243.120000, "time": "2014\/05\/27 04:43:35+00", "magvar": null, "geoidheight": null, "name": null, "cmt": null, "desc": null, "src": null, "link1_href": null, "link1_text": null, "link1_type": null, "link2_href": null, "link2_text": null, "link2_type": null, "sym": null, "type": null, "fix": null, "sat": null, "hdop": null, "vdop": null, "pdop": null, "ageofdgpsdata": null, "dgpsid": null }, "geometry": { "type": "Point", "coordinates": [ 35.251919, -9.049242 ] } },
{ "type": "Feature", "properties": { "track_fid": 0, "track_seg_id": 0, "track_seg_point_id": 150, "ele": 1242.640000, "time": "2014\/05\/27 04:43:48+00", "magvar": null, "geoidheight": null, "name": null, "cmt": null, "desc": null, "src": null, "link1_href": null, "link1_text": null, "link1_type": null, "link2_href": null, "link2_text": null, "link2_type": null, "sym": null, "type": null, "fix": null, "sat": null, "hdop": null, "vdop": null, "pdop": null, "ageofdgpsdata": null, "dgpsid": null }, "geometry": { "type": "Point", "coordinates": [ 35.251952, -9.049236 ] } },
{ "type": "Feature", "properties": { "track_fid": 0, "track_seg_id": 0, "track_seg_point_id": 151, "ele": 1244.080000, "time": "2014\/05\/27 04:44:05+00", "magvar": null, "geoidheight": null, "name": null, "cmt": null, "desc": null, "src": null, "link1_href": null, "link1_text": null, "link1_type": null, "link2_href": null, "link2_text": null, "link2_type": null, "sym": null, "type": null, "fix": null, "sat": null, "hdop": null, "vdop": null, "pdop": null, "ageofdgpsdata": null, "dgpsid": null }, "geometry": { "type": "Point", "coordinates": [ 35.251995, -9.049238 ] } },
{ "type": "Feature", "properties": { "track_fid": 0, "track_seg_id": 0, "track_seg_point_id": 152, "ele": 1245.040000, "time": "2014\/05\/27 04:44:17+00", "magvar": null, "geoidheight": null, "name": null, "cmt": null, "desc": null, "src": null, "link1_href": null, "link1_text": null, "link1_type": null, "link2_href": null, "link2_text": null, "link2_type": null, "sym": null, "type": null, "fix": null, "sat": null, "hdop": null, "vdop": null, "pdop": null, "ageofdgpsdata": null, "dgpsid": null }, "geometry": { "type": "Point", "coordinates": [ 35.252011, -9.04924 ] } },
{ "type": "Feature", "properties": { "track_fid": 0, "track_seg_id": 0, "track_seg_point_id": 153, "ele": 1245.040000, "time": "2014\/05\/27 04:44:29+00", "magvar": null, "geoidheight": null, "name": null, "cmt": null, "desc": null, "src": null, "link1_href": null, "link1_text": null, "link1_type": null, "link2_href": null, "link2_text": null, "link2_type": null, "sym": null, "type": null, "fix": null, "sat": null, "hdop": null, "vdop": null, "pdop": null, "ageofdgpsdata": null, "dgpsid": null }, "geometry": { "type": "Point", "coordinates": [ 35.252069, -9.049254 ] } },
{ "type": "Feature", "properties": { "track_fid": 0, "track_seg_id": 0, "track_seg_point_id": 154, "ele": 1245.530000, "time": "2014\/05\/27 04:44:42+00", "magvar": null, "geoidheight": null, "name": null, "cmt": null, "desc": null, "src": null, "link1_href": null, "link1_text": null, "link1_type": null, "link2_href": null, "link2_text": null, "link2_type": null, "sym": null, "type": null, "fix": null, "sat": null, "hdop": null, "vdop": null, "pdop": null, "ageofdgpsdata": null, "dgpsid": null }, "geometry": { "type": "Point", "coordinates": [ 35.252095, -9.04926 ] } },
{ "type": "Feature", "properties": { "track_fid": 0, "track_seg_id": 0, "track_seg_point_id": 155, "ele": 1245.040000, "time": "2014\/05\/27 04:44:56+00", "magvar": null, "geoidheight": null, "name": null, "cmt": null, "desc": null, "src": null, "link1_href": null, "link1_text": null, "link1_type": null, "link2_href": null, "link2_text": null, "link2_type": null, "sym": null, "type": null, "fix": null, "sat": null, "hdop": null, "vdop": null, "pdop": null, "ageofdgpsdata": null, "dgpsid": null }, "geometry": { "type": "Point", "coordinates": [ 35.252134, -9.049265 ] } },
{ "type": "Feature", "properties": { "track_fid": 0, "track_seg_id": 0, "track_seg_point_id": 156, "ele": 1245.530000, "time": "2014\/05\/27 04:45:08+00", "magvar": null, "geoidheight": null, "name": null, "cmt": null, "desc": null, "src": null, "link1_href": null, "link1_text": null, "link1_type": null, "link2_href": null, "link2_text": null, "link2_type": null, "sym": null, "type": null, "fix": null, "sat": null, "hdop": null, "vdop": null, "pdop": null, "ageofdgpsdata": null, "dgpsid": null }, "geometry": { "type": "Point", "coordinates": [ 35.252178, -9.049276 ] } },
{ "type": "Feature", "properties": { "track_fid": 0, "track_seg_id": 0, "track_seg_point_id": 157, "ele": 1246.490000, "time": "2014\/05\/27 04:45:20+00", "magvar": null, "geoidheight": null, "name": null, "cmt": null, "desc": null, "src": null, "link1_href": null, "link1_text": null, "link1_type": null, "link2_href": null, "link2_text": null, "link2_type": null, "sym": null, "type": null, "fix": null, "sat": null, "hdop": null, "vdop": null, "pdop": null, "ageofdgpsdata": null, "dgpsid": null }, "geometry": { "type": "Point", "coordinates": [ 35.252232, -9.049293 ] } },
{ "type": "Feature", "properties": { "track_fid": 0, "track_seg_id": 0, "track_seg_point_id": 158, "ele": 1245.530000, "time": "2014\/05\/27 04:45:35+00", "magvar": null, "geoidheight": null, "name": null, "cmt": null, "desc": null, "src": null, "link1_href": null, "link1_text": null, "link1_type": null, "link2_href": null, "link2_text": null, "link2_type": null, "sym": null, "type": null, "fix": null, "sat": null, "hdop": null, "vdop": null, "pdop": null, "ageofdgpsdata": null, "dgpsid": null }, "geometry": { "type": "Point", "coordinates": [ 35.252304, -9.049293 ] } },
{ "type": "Feature", "properties": { "track_fid": 0, "track_seg_id": 0, "track_seg_point_id": 159, "ele": 1245.040000, "time": "2014\/05\/27 04:45:47+00", "magvar": null, "geoidheight": null, "name": null, "cmt": null, "desc": null, "src": null, "link1_href": null, "link1_text": null, "link1_type": null, "link2_href": null, "link2_text": null, "link2_type": null, "sym": null, "type": null, "fix": null, "sat": null, "hdop": null, "vdop": null, "pdop": null, "ageofdgpsdata": null, "dgpsid": null }, "geometry": { "type": "Point", "coordinates": [ 35.252382, -9.04928 ] } },
{ "type": "Feature", "properties": { "track_fid": 0, "track_seg_id": 0, "track_seg_point_id": 160, "ele": 1246.010000, "time": "2014\/05\/27 04:46:00+00", "magvar": null, "geoidheight": null, "name": null, "cmt": null, "desc": null, "src": null, "link1_href": null, "link1_text": null, "link1_type": null, "link2_href": null, "link2_text": null, "link2_type": null, "sym": null, "type": null, "fix": null, "sat": null, "hdop": null, "vdop": null, "pdop": null, "ageofdgpsdata": null, "dgpsid": null }, "geometry": { "type": "Point", "coordinates": [ 35.252399, -9.049373 ] } },
{ "type": "Feature", "properties": { "track_fid": 0, "track_seg_id": 0, "track_seg_point_id": 161, "ele": 1247.450000, "time": "2014\/05\/27 04:46:12+00", "magvar": null, "geoidheight": null, "name": null, "cmt": null, "desc": null, "src": null, "link1_href": null, "link1_text": null, "link1_type": null, "link2_href": null, "link2_text": null, "link2_type": null, "sym": null, "type": null, "fix": null, "sat": null, "hdop": null, "vdop": null, "pdop": null, "ageofdgpsdata": null, "dgpsid": null }, "geometry": { "type": "Point", "coordinates": [ 35.252441, -9.049474 ] } },
{ "type": "Feature", "properties": { "track_fid": 0, "track_seg_id": 0, "track_seg_point_id": 162, "ele": 1247.930000, "time": "2014\/05\/27 04:46:27+00", "magvar": null, "geoidheight": null, "name": null, "cmt": null, "desc": null, "src": null, "link1_href": null, "link1_text": null, "link1_type": null, "link2_href": null, "link2_text": null, "link2_type": null, "sym": null, "type": null, "fix": null, "sat": null, "hdop": null, "vdop": null, "pdop": null, "ageofdgpsdata": null, "dgpsid": null }, "geometry": { "type": "Point", "coordinates": [ 35.252507, -9.049587 ] } },
{ "type": "Feature", "properties": { "track_fid": 0, "track_seg_id": 0, "track_seg_point_id": 163, "ele": 1247.450000, "time": "2014\/05\/27 04:46:36+00", "magvar": null, "geoidheight": null, "name": null, "cmt": null, "desc": null, "src": null, "link1_href": null, "link1_text": null, "link1_type": null, "link2_href": null, "link2_text": null, "link2_type": null, "sym": null, "type": null, "fix": null, "sat": null, "hdop": null, "vdop": null, "pdop": null, "ageofdgpsdata": null, "dgpsid": null }, "geometry": { "type": "Point", "coordinates": [ 35.25253, -9.049617 ] } },
{ "type": "Feature", "properties": { "track_fid": 0, "track_seg_id": 0, "track_seg_point_id": 164, "ele": 1247.930000, "time": "2014\/05\/27 04:46:39+00", "magvar": null, "geoidheight": null, "name": null, "cmt": null, "desc": null, "src": null, "link1_href": null, "link1_text": null, "link1_type": null, "link2_href": null, "link2_text": null, "link2_type": null, "sym": null, "type": null, "fix": null, "sat": null, "hdop": null, "vdop": null, "pdop": null, "ageofdgpsdata": null, "dgpsid": null }, "geometry": { "type": "Point", "coordinates": [ 35.252545, -9.04965 ] } },
{ "type": "Feature", "properties": { "track_fid": 0, "track_seg_id": 0, "track_seg_point_id": 165, "ele": 1247.930000, "time": "2014\/05\/27 04:46:41+00", "magvar": null, "geoidheight": null, "name": null, "cmt": null, "desc": null, "src": null, "link1_href": null, "link1_text": null, "link1_type": null, "link2_href": null, "link2_text": null, "link2_type": null, "sym": null, "type": null, "fix": null, "sat": null, "hdop": null, "vdop": null, "pdop": null, "ageofdgpsdata": null, "dgpsid": null }, "geometry": { "type": "Point", "coordinates": [ 35.252555, -9.04967 ] } },
{ "type": "Feature", "properties": { "track_fid": 0, "track_seg_id": 0, "track_seg_point_id": 166, "ele": 1248.890000, "time": "2014\/05\/27 04:46:57+00", "magvar": null, "geoidheight": null, "name": null, "cmt": null, "desc": null, "src": null, "link1_href": null, "link1_text": null, "link1_type": null, "link2_href": null, "link2_text": null, "link2_type": null, "sym": null, "type": null, "fix": null, "sat": null, "hdop": null, "vdop": null, "pdop": null, "ageofdgpsdata": null, "dgpsid": null }, "geometry": { "type": "Point", "coordinates": [ 35.252615, -9.049832 ] } },
{ "type": "Feature", "properties": { "track_fid": 0, "track_seg_id": 0, "track_seg_point_id": 167, "ele": 1249.850000, "time": "2014\/05\/27 04:47:11+00", "magvar": null, "geoidheight": null, "name": null, "cmt": null, "desc": null, "src": null, "link1_href": null, "link1_text": null, "link1_type": null, "link2_href": null, "link2_text": null, "link2_type": null, "sym": null, "type": null, "fix": null, "sat": null, "hdop": null, "vdop": null, "pdop": null, "ageofdgpsdata": null, "dgpsid": null }, "geometry": { "type": "Point", "coordinates": [ 35.252626, -9.049889 ] } }
]
}
