{
"type": "FeatureCollection",
"crs": { "type": "name", "properties": { "name": "urn:ogc:def:crs:OGC:1.3:CRS84" } },
                                                                                
"features": [
{ "type": "Feature", "properties": { "track_fid": 0, "track_seg_id": 0, "track_seg_point_id": 0, "ele": 1908.830000, "time": "2014\/06\/25 13:52:28+00", "magvar": null, "geoidheight": null, "name": null, "cmt": null, "desc": null, "src": null, "link1_href": null, "link1_text": null, "link1_type": null, "link2_href": null, "link2_text": null, "link2_type": null, "sym": null, "type": null, "fix": null, "sat": null, "hdop": null, "vdop": null, "pdop": null, "ageofdgpsdata": null, "dgpsid": null }, "geometry": { "type": "Point", "coordinates": [ 34.746664, -9.322965 ] } },
{ "type": "Feature", "properties": { "track_fid": 0, "track_seg_id": 0, "track_seg_point_id": 1, "ele": 1882.400000, "time": "2014\/06\/25 13:52:41+00", "magvar": null, "geoidheight": null, "name": null, "cmt": null, "desc": null, "src": null, "link1_href": null, "link1_text": null, "link1_type": null, "link2_href": null, "link2_text": null, "link2_type": null, "sym": null, "type": null, "fix": null, "sat": null, "hdop": null, "vdop": null, "pdop": null, "ageofdgpsdata": null, "dgpsid": null }, "geometry": { "type": "Point", "coordinates": [ 34.746628, -9.323123 ] } },
{ "type": "Feature", "properties": { "track_fid": 0, "track_seg_id": 0, "track_seg_point_id": 2, "ele": 1880.480000, "time": "2014\/06\/25 13:52:54+00", "magvar": null, "geoidheight": null, "name": null, "cmt": null, "desc": null, "src": null, "link1_href": null, "link1_text": null, "link1_type": null, "link2_href": null, "link2_text": null, "link2_type": null, "sym": null, "type": null, "fix": null, "sat": null, "hdop": null, "vdop": null, "pdop": null, "ageofdgpsdata": null, "dgpsid": null }, "geometry": { "type": "Point", "coordinates": [ 34.746599, -9.323101 ] } },
{ "type": "Feature", "properties": { "track_fid": 0, "track_seg_id": 0, "track_seg_point_id": 3, "ele": 1882.400000, "time": "2014\/06\/25 13:53:13+00", "magvar": null, "geoidheight": null, "name": null, "cmt": null, "desc": null, "src": null, "link1_href": null, "link1_text": null, "link1_type": null, "link2_href": null, "link2_text": null, "link2_type": null, "sym": null, "type": null, "fix": null, "sat": null, "hdop": null, "vdop": null, "pdop": null, "ageofdgpsdata": null, "dgpsid": null }, "geometry": { "type": "Point", "coordinates": [ 34.746545, -9.322996 ] } },
{ "type": "Feature", "properties": { "track_fid": 0, "track_seg_id": 0, "track_seg_point_id": 4, "ele": 1882.400000, "time": "2014\/06\/25 13:53:31+00", "magvar": null, "geoidheight": null, "name": null, "cmt": null, "desc": null, "src": null, "link1_href": null, "link1_text": null, "link1_type": null, "link2_href": null, "link2_text": null, "link2_type": null, "sym": null, "type": null, "fix": null, "sat": null, "hdop": null, "vdop": null, "pdop": null, "ageofdgpsdata": null, "dgpsid": null }, "geometry": { "type": "Point", "coordinates": [ 34.746524, -9.322957 ] } },
{ "type": "Feature", "properties": { "track_fid": 0, "track_seg_id": 0, "track_seg_point_id": 5, "ele": 1878.550000, "time": "2014\/06\/25 13:53:45+00", "magvar": null, "geoidheight": null, "name": null, "cmt": null, "desc": null, "src": null, "link1_href": null, "link1_text": null, "link1_type": null, "link2_href": null, "link2_text": null, "link2_type": null, "sym": null, "type": null, "fix": null, "sat": null, "hdop": null, "vdop": null, "pdop": null, "ageofdgpsdata": null, "dgpsid": null }, "geometry": { "type": "Point", "coordinates": [ 34.746486, -9.322882 ] } },
{ "type": "Feature", "properties": { "track_fid": 0, "track_seg_id": 0, "track_seg_point_id": 6, "ele": 1878.070000, "time": "2014\/06\/25 13:53:59+00", "magvar": null, "geoidheight": null, "name": null, "cmt": null, "desc": null, "src": null, "link1_href": null, "link1_text": null, "link1_type": null, "link2_href": null, "link2_text": null, "link2_type": null, "sym": null, "type": null, "fix": null, "sat": null, "hdop": null, "vdop": null, "pdop": null, "ageofdgpsdata": null, "dgpsid": null }, "geometry": { "type": "Point", "coordinates": [ 34.746452, -9.322825 ] } },
{ "type": "Feature", "properties": { "track_fid": 0, "track_seg_id": 0, "track_seg_point_id": 7, "ele": 1879.030000, "time": "2014\/06\/25 13:54:14+00", "magvar": null, "geoidheight": null, "name": null, "cmt": null, "desc": null, "src": null, "link1_href": null, "link1_text": null, "link1_type": null, "link2_href": null, "link2_text": null, "link2_type": null, "sym": null, "type": null, "fix": null, "sat": null, "hdop": null, "vdop": null, "pdop": null, "ageofdgpsdata": null, "dgpsid": null }, "geometry": { "type": "Point", "coordinates": [ 34.74641, -9.32271 ] } },
{ "type": "Feature", "properties": { "track_fid": 0, "track_seg_id": 0, "track_seg_point_id": 8, "ele": 1880.480000, "time": "2014\/06\/25 13:54:27+00", "magvar": null, "geoidheight": null, "name": null, "cmt": null, "desc": null, "src": null, "link1_href": null, "link1_text": null, "link1_type": null, "link2_href": null, "link2_text": null, "link2_type": null, "sym": null, "type": null, "fix": null, "sat": null, "hdop": null, "vdop": null, "pdop": null, "ageofdgpsdata": null, "dgpsid": null }, "geometry": { "type": "Point", "coordinates": [ 34.746378, -9.322651 ] } },
{ "type": "Feature", "properties": { "track_fid": 0, "track_seg_id": 0, "track_seg_point_id": 9, "ele": 1880.480000, "time": "2014\/06\/25 13:54:30+00", "magvar": null, "geoidheight": null, "name": null, "cmt": null, "desc": null, "src": null, "link1_href": null, "link1_text": null, "link1_type": null, "link2_href": null, "link2_text": null, "link2_type": null, "sym": null, "type": null, "fix": null, "sat": null, "hdop": null, "vdop": null, "pdop": null, "ageofdgpsdata": null, "dgpsid": null }, "geometry": { "type": "Point", "coordinates": [ 34.74636, -9.322643 ] } },
{ "type": "Feature", "properties": { "track_fid": 0, "track_seg_id": 0, "track_seg_point_id": 10, "ele": 1881.920000, "time": "2014\/06\/25 13:54:43+00", "magvar": null, "geoidheight": null, "name": null, "cmt": null, "desc": null, "src": null, "link1_href": null, "link1_text": null, "link1_type": null, "link2_href": null, "link2_text": null, "link2_type": null, "sym": null, "type": null, "fix": null, "sat": null, "hdop": null, "vdop": null, "pdop": null, "ageofdgpsdata": null, "dgpsid": null }, "geometry": { "type": "Point", "coordinates": [ 34.746332, -9.322552 ] } },
{ "type": "Feature", "properties": { "track_fid": 0, "track_seg_id": 0, "track_seg_point_id": 11, "ele": 1882.880000, "time": "2014\/06\/25 13:54:58+00", "magvar": null, "geoidheight": null, "name": null, "cmt": null, "desc": null, "src": null, "link1_href": null, "link1_text": null, "link1_type": null, "link2_href": null, "link2_text": null, "link2_type": null, "sym": null, "type": null, "fix": null, "sat": null, "hdop": null, "vdop": null, "pdop": null, "ageofdgpsdata": null, "dgpsid": null }, "geometry": { "type": "Point", "coordinates": [ 34.746312, -9.322513 ] } },
{ "type": "Feature", "properties": { "track_fid": 0, "track_seg_id": 0, "track_seg_point_id": 12, "ele": 1885.280000, "time": "2014\/06\/25 13:55:13+00", "magvar": null, "geoidheight": null, "name": null, "cmt": null, "desc": null, "src": null, "link1_href": null, "link1_text": null, "link1_type": null, "link2_href": null, "link2_text": null, "link2_type": null, "sym": null, "type": null, "fix": null, "sat": null, "hdop": null, "vdop": null, "pdop": null, "ageofdgpsdata": null, "dgpsid": null }, "geometry": { "type": "Point", "coordinates": [ 34.74624, -9.322522 ] } },
{ "type": "Feature", "properties": { "track_fid": 0, "track_seg_id": 0, "track_seg_point_id": 13, "ele": 1884.800000, "time": "2014\/06\/25 13:55:27+00", "magvar": null, "geoidheight": null, "name": null, "cmt": null, "desc": null, "src": null, "link1_href": null, "link1_text": null, "link1_type": null, "link2_href": null, "link2_text": null, "link2_type": null, "sym": null, "type": null, "fix": null, "sat": null, "hdop": null, "vdop": null, "pdop": null, "ageofdgpsdata": null, "dgpsid": null }, "geometry": { "type": "Point", "coordinates": [ 34.746194, -9.322543 ] } },
{ "type": "Feature", "properties": { "track_fid": 0, "track_seg_id": 0, "track_seg_point_id": 14, "ele": 1884.320000, "time": "2014\/06\/25 13:55:41+00", "magvar": null, "geoidheight": null, "name": null, "cmt": null, "desc": null, "src": null, "link1_href": null, "link1_text": null, "link1_type": null, "link2_href": null, "link2_text": null, "link2_type": null, "sym": null, "type": null, "fix": null, "sat": null, "hdop": null, "vdop": null, "pdop": null, "ageofdgpsdata": null, "dgpsid": null }, "geometry": { "type": "Point", "coordinates": [ 34.746112, -9.322543 ] } },
{ "type": "Feature", "properties": { "track_fid": 0, "track_seg_id": 0, "track_seg_point_id": 15, "ele": 1884.320000, "time": "2014\/06\/25 13:55:55+00", "magvar": null, "geoidheight": null, "name": null, "cmt": null, "desc": null, "src": null, "link1_href": null, "link1_text": null, "link1_type": null, "link2_href": null, "link2_text": null, "link2_type": null, "sym": null, "type": null, "fix": null, "sat": null, "hdop": null, "vdop": null, "pdop": null, "ageofdgpsdata": null, "dgpsid": null }, "geometry": { "type": "Point", "coordinates": [ 34.746023, -9.322558 ] } },
{ "type": "Feature", "properties": { "track_fid": 0, "track_seg_id": 0, "track_seg_point_id": 16, "ele": 1885.280000, "time": "2014\/06\/25 13:56:07+00", "magvar": null, "geoidheight": null, "name": null, "cmt": null, "desc": null, "src": null, "link1_href": null, "link1_text": null, "link1_type": null, "link2_href": null, "link2_text": null, "link2_type": null, "sym": null, "type": null, "fix": null, "sat": null, "hdop": null, "vdop": null, "pdop": null, "ageofdgpsdata": null, "dgpsid": null }, "geometry": { "type": "Point", "coordinates": [ 34.745951, -9.322576 ] } },
{ "type": "Feature", "properties": { "track_fid": 0, "track_seg_id": 0, "track_seg_point_id": 17, "ele": 1885.280000, "time": "2014\/06\/25 13:56:21+00", "magvar": null, "geoidheight": null, "name": null, "cmt": null, "desc": null, "src": null, "link1_href": null, "link1_text": null, "link1_type": null, "link2_href": null, "link2_text": null, "link2_type": null, "sym": null, "type": null, "fix": null, "sat": null, "hdop": null, "vdop": null, "pdop": null, "ageofdgpsdata": null, "dgpsid": null }, "geometry": { "type": "Point", "coordinates": [ 34.745892, -9.32258 ] } },
{ "type": "Feature", "properties": { "track_fid": 0, "track_seg_id": 0, "track_seg_point_id": 18, "ele": 1885.280000, "time": "2014\/06\/25 13:56:28+00", "magvar": null, "geoidheight": null, "name": null, "cmt": null, "desc": null, "src": null, "link1_href": null, "link1_text": null, "link1_type": null, "link2_href": null, "link2_text": null, "link2_type": null, "sym": null, "type": null, "fix": null, "sat": null, "hdop": null, "vdop": null, "pdop": null, "ageofdgpsdata": null, "dgpsid": null }, "geometry": { "type": "Point", "coordinates": [ 34.745904, -9.322643 ] } },
{ "type": "Feature", "properties": { "track_fid": 0, "track_seg_id": 0, "track_seg_point_id": 19, "ele": 1884.320000, "time": "2014\/06\/25 13:56:45+00", "magvar": null, "geoidheight": null, "name": null, "cmt": null, "desc": null, "src": null, "link1_href": null, "link1_text": null, "link1_type": null, "link2_href": null, "link2_text": null, "link2_type": null, "sym": null, "type": null, "fix": null, "sat": null, "hdop": null, "vdop": null, "pdop": null, "ageofdgpsdata": null, "dgpsid": null }, "geometry": { "type": "Point", "coordinates": [ 34.745905, -9.322725 ] } },
{ "type": "Feature", "properties": { "track_fid": 0, "track_seg_id": 0, "track_seg_point_id": 20, "ele": 1881.920000, "time": "2014\/06\/25 13:56:57+00", "magvar": null, "geoidheight": null, "name": null, "cmt": null, "desc": null, "src": null, "link1_href": null, "link1_text": null, "link1_type": null, "link2_href": null, "link2_text": null, "link2_type": null, "sym": null, "type": null, "fix": null, "sat": null, "hdop": null, "vdop": null, "pdop": null, "ageofdgpsdata": null, "dgpsid": null }, "geometry": { "type": "Point", "coordinates": [ 34.745922, -9.322825 ] } },
{ "type": "Feature", "properties": { "track_fid": 0, "track_seg_id": 0, "track_seg_point_id": 21, "ele": 1880.000000, "time": "2014\/06\/25 13:57:12+00", "magvar": null, "geoidheight": null, "name": null, "cmt": null, "desc": null, "src": null, "link1_href": null, "link1_text": null, "link1_type": null, "link2_href": null, "link2_text": null, "link2_type": null, "sym": null, "type": null, "fix": null, "sat": null, "hdop": null, "vdop": null, "pdop": null, "ageofdgpsdata": null, "dgpsid": null }, "geometry": { "type": "Point", "coordinates": [ 34.745938, -9.32293 ] } },
{ "type": "Feature", "properties": { "track_fid": 0, "track_seg_id": 0, "track_seg_point_id": 22, "ele": 1875.670000, "time": "2014\/06\/25 13:57:26+00", "magvar": null, "geoidheight": null, "name": null, "cmt": null, "desc": null, "src": null, "link1_href": null, "link1_text": null, "link1_type": null, "link2_href": null, "link2_text": null, "link2_type": null, "sym": null, "type": null, "fix": null, "sat": null, "hdop": null, "vdop": null, "pdop": null, "ageofdgpsdata": null, "dgpsid": null }, "geometry": { "type": "Point", "coordinates": [ 34.745945, -9.323013 ] } },
{ "type": "Feature", "properties": { "track_fid": 0, "track_seg_id": 0, "track_seg_point_id": 23, "ele": 1873.270000, "time": "2014\/06\/25 13:57:41+00", "magvar": null, "geoidheight": null, "name": null, "cmt": null, "desc": null, "src": null, "link1_href": null, "link1_text": null, "link1_type": null, "link2_href": null, "link2_text": null, "link2_type": null, "sym": null, "type": null, "fix": null, "sat": null, "hdop": null, "vdop": null, "pdop": null, "ageofdgpsdata": null, "dgpsid": null }, "geometry": { "type": "Point", "coordinates": [ 34.74596, -9.32309 ] } },
{ "type": "Feature", "properties": { "track_fid": 0, "track_seg_id": 0, "track_seg_point_id": 24, "ele": 1871.340000, "time": "2014\/06\/25 13:57:56+00", "magvar": null, "geoidheight": null, "name": null, "cmt": null, "desc": null, "src": null, "link1_href": null, "link1_text": null, "link1_type": null, "link2_href": null, "link2_text": null, "link2_type": null, "sym": null, "type": null, "fix": null, "sat": null, "hdop": null, "vdop": null, "pdop": null, "ageofdgpsdata": null, "dgpsid": null }, "geometry": { "type": "Point", "coordinates": [ 34.746007, -9.323125 ] } },
{ "type": "Feature", "properties": { "track_fid": 0, "track_seg_id": 0, "track_seg_point_id": 25, "ele": 1872.300000, "time": "2014\/06\/25 13:58:14+00", "magvar": null, "geoidheight": null, "name": null, "cmt": null, "desc": null, "src": null, "link1_href": null, "link1_text": null, "link1_type": null, "link2_href": null, "link2_text": null, "link2_type": null, "sym": null, "type": null, "fix": null, "sat": null, "hdop": null, "vdop": null, "pdop": null, "ageofdgpsdata": null, "dgpsid": null }, "geometry": { "type": "Point", "coordinates": [ 34.746126, -9.323157 ] } },
{ "type": "Feature", "properties": { "track_fid": 0, "track_seg_id": 0, "track_seg_point_id": 26, "ele": 1872.300000, "time": "2014\/06\/25 13:58:16+00", "magvar": null, "geoidheight": null, "name": null, "cmt": null, "desc": null, "src": null, "link1_href": null, "link1_text": null, "link1_type": null, "link2_href": null, "link2_text": null, "link2_type": null, "sym": null, "type": null, "fix": null, "sat": null, "hdop": null, "vdop": null, "pdop": null, "ageofdgpsdata": null, "dgpsid": null }, "geometry": { "type": "Point", "coordinates": [ 34.746138, -9.323162 ] } },
{ "type": "Feature", "properties": { "track_fid": 0, "track_seg_id": 0, "track_seg_point_id": 27, "ele": 1870.860000, "time": "2014\/06\/25 13:58:31+00", "magvar": null, "geoidheight": null, "name": null, "cmt": null, "desc": null, "src": null, "link1_href": null, "link1_text": null, "link1_type": null, "link2_href": null, "link2_text": null, "link2_type": null, "sym": null, "type": null, "fix": null, "sat": null, "hdop": null, "vdop": null, "pdop": null, "ageofdgpsdata": null, "dgpsid": null }, "geometry": { "type": "Point", "coordinates": [ 34.746189, -9.323158 ] } },
{ "type": "Feature", "properties": { "track_fid": 0, "track_seg_id": 0, "track_seg_point_id": 28, "ele": 1870.860000, "time": "2014\/06\/25 13:58:41+00", "magvar": null, "geoidheight": null, "name": null, "cmt": null, "desc": null, "src": null, "link1_href": null, "link1_text": null, "link1_type": null, "link2_href": null, "link2_text": null, "link2_type": null, "sym": null, "type": null, "fix": null, "sat": null, "hdop": null, "vdop": null, "pdop": null, "ageofdgpsdata": null, "dgpsid": null }, "geometry": { "type": "Point", "coordinates": [ 34.746245, -9.323151 ] } },
{ "type": "Feature", "properties": { "track_fid": 0, "track_seg_id": 0, "track_seg_point_id": 29, "ele": 1869.420000, "time": "2014\/06\/25 13:58:55+00", "magvar": null, "geoidheight": null, "name": null, "cmt": null, "desc": null, "src": null, "link1_href": null, "link1_text": null, "link1_type": null, "link2_href": null, "link2_text": null, "link2_type": null, "sym": null, "type": null, "fix": null, "sat": null, "hdop": null, "vdop": null, "pdop": null, "ageofdgpsdata": null, "dgpsid": null }, "geometry": { "type": "Point", "coordinates": [ 34.746353, -9.32314 ] } },
{ "type": "Feature", "properties": { "track_fid": 0, "track_seg_id": 0, "track_seg_point_id": 30, "ele": 1869.420000, "time": "2014\/06\/25 13:59:01+00", "magvar": null, "geoidheight": null, "name": null, "cmt": null, "desc": null, "src": null, "link1_href": null, "link1_text": null, "link1_type": null, "link2_href": null, "link2_text": null, "link2_type": null, "sym": null, "type": null, "fix": null, "sat": null, "hdop": null, "vdop": null, "pdop": null, "ageofdgpsdata": null, "dgpsid": null }, "geometry": { "type": "Point", "coordinates": [ 34.746413, -9.323157 ] } },
{ "type": "Feature", "properties": { "track_fid": 0, "track_seg_id": 0, "track_seg_point_id": 31, "ele": 1867.980000, "time": "2014\/06\/25 13:59:20+00", "magvar": null, "geoidheight": null, "name": null, "cmt": null, "desc": null, "src": null, "link1_href": null, "link1_text": null, "link1_type": null, "link2_href": null, "link2_text": null, "link2_type": null, "sym": null, "type": null, "fix": null, "sat": null, "hdop": null, "vdop": null, "pdop": null, "ageofdgpsdata": null, "dgpsid": null }, "geometry": { "type": "Point", "coordinates": [ 34.746584, -9.323202 ] } },
{ "type": "Feature", "properties": { "track_fid": 0, "track_seg_id": 0, "track_seg_point_id": 32, "ele": 1866.060000, "time": "2014\/06\/25 13:59:34+00", "magvar": null, "geoidheight": null, "name": null, "cmt": null, "desc": null, "src": null, "link1_href": null, "link1_text": null, "link1_type": null, "link2_href": null, "link2_text": null, "link2_type": null, "sym": null, "type": null, "fix": null, "sat": null, "hdop": null, "vdop": null, "pdop": null, "ageofdgpsdata": null, "dgpsid": null }, "geometry": { "type": "Point", "coordinates": [ 34.746657, -9.323192 ] } },
{ "type": "Feature", "properties": { "track_fid": 0, "track_seg_id": 0, "track_seg_point_id": 33, "ele": 1866.060000, "time": "2014\/06\/25 13:59:35+00", "magvar": null, "geoidheight": null, "name": null, "cmt": null, "desc": null, "src": null, "link1_href": null, "link1_text": null, "link1_type": null, "link2_href": null, "link2_text": null, "link2_type": null, "sym": null, "type": null, "fix": null, "sat": null, "hdop": null, "vdop": null, "pdop": null, "ageofdgpsdata": null, "dgpsid": null }, "geometry": { "type": "Point", "coordinates": [ 34.746657, -9.323192 ] } }
]
}
