{
"type": "FeatureCollection",
"crs": { "type": "name", "properties": { "name": "urn:ogc:def:crs:OGC:1.3:CRS84" } },
                                                                                
"features": [
{ "type": "Feature", "properties": { "name": "AZIZUN-14 05:08:39 PM", "cmt": null, "desc": null, "src": null, "link1_href": null, "link1_text": null, "link1_type": null, "link2_href": null, "link2_text": null, "link2_type": null, "number": null, "type": null }, "geometry": { "type": "MultiLineString", "coordinates": [ [ [ 34.745848, -9.322789 ], [ 34.745835, -9.322795 ], [ 34.745687, -9.322817 ], [ 34.745601, -9.322812 ], [ 34.745591, -9.322724 ], [ 34.745608, -9.322621 ], [ 34.745654, -9.32262 ], [ 34.74577, -9.322608 ], [ 34.745822, -9.322645 ], [ 34.745829, -9.322663 ], [ 34.745848, -9.32276 ], [ 34.745855, -9.322794 ] ] ] } }
]
}
